2025-11-06 18:49:29.801 INFO: ===========VERIFYING SETTINGS===========
2025-11-06 18:49:29.801 WARNING: All of hidden_irreps, num_channels and max_L are specified
2025-11-06 18:49:29.801 WARNING: Using num_channels and max_L to create hidden_irreps: 128x0e+128x1o.
2025-11-06 18:49:29.801 INFO: Stage Two is activated as start_stage_two was defined
2025-11-06 18:49:29.801 INFO: MACE version: 0.3.14
2025-11-06 18:49:29.833 INFO: CUDA version: 11.8, CUDA device: 0
2025-11-06 18:49:29.869 INFO: ===========LOADING INPUT DATA===========
2025-11-06 18:49:29.869 INFO: Using heads: ['Default']
2025-11-06 18:49:29.869 INFO: Using the key specifications to parse data:
2025-11-06 18:49:29.869 INFO: Default: KeySpecification(info_keys={'energy': 'dft_energy', 'stress': 'stress', 'virials': 'REF_virials', 'dipole': 'dipole', 'head': 'head', 'elec_temp': 'elec_temp', 'total_charge': 'total_charge', 'polarizability': 'polarizability', 'total_spin': 'total_spin'}, arrays_keys={'forces': 'dft_forces', 'charges': 'REF_charges'})
2025-11-06 18:49:29.869 INFO: =============    Processing head Default     ===========
2025-11-06 18:49:30.308 WARNING: Since ASE version 3.23.0b1, using stress_key 'stress' is no longer safe when communicating between MACE and ASE. We recommend using a different key, rewriting 'stress' to 'REF_stress'. You need to use --stress_key='REF_stress' to specify the chosen key name.
2025-11-06 18:49:30.343 INFO: Training set 1/1 [energy: 927, stress: 928, virials: 0, dipole components: 0, head: 928, elec_temp: 0, total_charge: 0, polarizability: 0, total_spin: 0, forces: 927, charges: 0]
2025-11-06 18:49:30.347 INFO: Total Training set [energy: 927, stress: 928, virials: 0, dipole components: 0, head: 928, elec_temp: 0, total_charge: 0, polarizability: 0, total_spin: 0, forces: 927, charges: 0]
2025-11-06 18:49:30.412 WARNING: Since ASE version 3.23.0b1, using stress_key 'stress' is no longer safe when communicating between MACE and ASE. We recommend using a different key, rewriting 'stress' to 'REF_stress'. You need to use --stress_key='REF_stress' to specify the chosen key name.
2025-11-06 18:49:30.417 INFO: Validation set 1/1 [energy: 115, stress: 115, virials: 0, dipole components: 0, head: 115, elec_temp: 0, total_charge: 0, polarizability: 0, total_spin: 0, forces: 115, charges: 0]
2025-11-06 18:49:30.417 INFO: Total Validation set [energy: 115, stress: 115, virials: 0, dipole components: 0, head: 115, elec_temp: 0, total_charge: 0, polarizability: 0, total_spin: 0, forces: 115, charges: 0]
2025-11-06 18:49:30.483 WARNING: Since ASE version 3.23.0b1, using stress_key 'stress' is no longer safe when communicating between MACE and ASE. We recommend using a different key, rewriting 'stress' to 'REF_stress'. You need to use --stress_key='REF_stress' to specify the chosen key name.
2025-11-06 18:49:30.487 INFO: Test set 1/1 [energy: 116, stress: 116, virials: 0, dipole components: 0, head: 116, elec_temp: 0, total_charge: 0, polarizability: 0, total_spin: 0, forces: 116, charges: 0]
2025-11-06 18:49:30.488 INFO: Total Test set [energy: 116, stress: 116, virials: 0, dipole components: 0, head: 116, elec_temp: 0, total_charge: 0, polarizability: 0, total_spin: 0, forces: 116, charges: 0]
2025-11-06 18:49:30.488 INFO: Total number of configurations: train=928, valid=115, tests=[sp_Default: 116],
2025-11-06 18:49:30.488 INFO: Using atomic numbers from command line argument
2025-11-06 18:49:30.488 INFO: Atomic Numbers used: [47]
2025-11-06 18:49:30.489 INFO: Isolated Atomic Energies (E0s) not in training file, using command line argument
2025-11-06 18:49:30.489 INFO: Atomic Energies used (z: eV) for head Default: {47: -2.670131299573519}
2025-11-06 18:49:30.489 INFO: Processing datasets for head 'Default'
2025-11-06 18:49:32.307 INFO: Combining 1 list datasets for head 'Default'
2025-11-06 18:49:32.531 INFO: Combining 1 list datasets for head 'Default_valid'
2025-11-06 18:49:32.531 INFO: Combined validation datasets for Default
2025-11-06 18:49:32.531 INFO: Head 'Default' training dataset size: 928
2025-11-06 18:49:32.532 INFO: Computing average number of neighbors
2025-11-06 18:49:37.457 INFO: Average number of neighbors: 49.59964750748287
2025-11-06 18:49:37.458 INFO: HEADS used: ['Default']
2025-11-06 18:49:37.458 INFO: During training the following quantities will be reported: energy, forces, stress
2025-11-06 18:49:37.458 INFO: ===========MODEL DETAILS===========
2025-11-06 18:49:40.326 INFO: Building model
2025-11-06 18:49:40.327 INFO: Message passing with 128 channels and max_L=1 (128x0e+128x1o)
2025-11-06 18:49:40.327 INFO: 2 layers, each with correlation order: 2 (body order: 3) and spherical harmonics up to: l=3
2025-11-06 18:49:40.327 INFO: 8 radial and 5 basis functions
2025-11-06 18:49:40.327 INFO: Radial cutoff: 6.0 A (total receptive field for each atom: 12.0 A)
2025-11-06 18:49:40.327 INFO: Distance transform for radial basis functions: Agnesi
2025-11-06 18:49:40.327 INFO: Hidden irreps: 128x0e+128x1o
2025-11-06 18:49:41.386 INFO: Total number of parameters: 546192
2025-11-06 18:49:41.386 INFO: 
2025-11-06 18:49:41.386 INFO: ===========OPTIMIZER INFORMATION===========
2025-11-06 18:49:41.387 INFO: Using ADAM as parameter optimizer
2025-11-06 18:49:41.387 INFO: Batch size: 4
2025-11-06 18:49:41.387 INFO: Using Exponential Moving Average with decay: 0.99999
2025-11-06 18:49:41.387 INFO: Number of gradient updates: 23200
2025-11-06 18:49:41.387 INFO: Learning rate: 0.008, weight decay: 1e-08
2025-11-06 18:49:41.387 INFO: UniversalLoss(energy_weight=1.000, forces_weight=10.000, stress_weight=10.000)
2025-11-06 18:49:41.388 INFO: Stage Two (after 30 epochs) with loss function: UniversalLoss(energy_weight=1.000, forces_weight=50.000, stress_weight=10.000), with energy weight : 1.0, forces weight : 50.0, stress weight : 10.0 and learning rate : 0.001
2025-11-06 18:49:41.493 INFO: Using gradient clipping with tolerance=100.000
2025-11-06 18:49:41.493 INFO: 
2025-11-06 18:49:41.493 INFO: ===========TRAINING===========
2025-11-06 18:49:41.493 INFO: ===========MIXER CONFIG===========
2025-11-06 18:49:41.493 INFO: Readout: NonLinearReadoutBlock  [kan=OFF | kaf=OFF | libra=OFF]
2025-11-06 18:49:41.493 INFO: Interaction MLPs: node_librakan=OFF, edge_librakan=OFF
2025-11-06 18:49:41.493 INFO: ==================================
2025-11-06 18:49:41.493 INFO: Started training, reporting errors on validation set
2025-11-06 18:49:41.493 INFO: Loss metrics on validation set
2025-11-06 18:49:52.383 INFO: Initial: head: Default, loss=0.01546474, RMSE_E_per_atom=  249.86 meV, RMSE_F=  762.49 meV / A, RMSE_stress=    3.13 meV / A^3
2025-11-06 18:50:51.013 INFO: Epoch 0: head: Default, loss=0.00197745, RMSE_E_per_atom=   10.01 meV, RMSE_F=  116.63 meV / A, RMSE_stress=    2.44 meV / A^3
2025-11-06 18:51:37.580 INFO: Epoch 1: head: Default, loss=0.00070390, RMSE_E_per_atom=   11.09 meV, RMSE_F=   42.73 meV / A, RMSE_stress=    2.58 meV / A^3
2025-11-06 18:52:23.666 INFO: Epoch 2: head: Default, loss=0.00045860, RMSE_E_per_atom=    0.70 meV, RMSE_F=   29.38 meV / A, RMSE_stress=    2.63 meV / A^3
2025-11-06 18:53:10.336 INFO: Epoch 3: head: Default, loss=0.00039801, RMSE_E_per_atom=    1.24 meV, RMSE_F=   25.96 meV / A, RMSE_stress=    2.64 meV / A^3
2025-11-06 18:53:56.611 INFO: Epoch 4: head: Default, loss=0.00036544, RMSE_E_per_atom=    4.58 meV, RMSE_F=   23.97 meV / A, RMSE_stress=    2.66 meV / A^3
2025-11-06 18:54:42.528 INFO: Epoch 5: head: Default, loss=0.00033841, RMSE_E_per_atom=    2.13 meV, RMSE_F=   22.61 meV / A, RMSE_stress=    2.64 meV / A^3
2025-11-06 18:55:28.416 INFO: Epoch 6: head: Default, loss=0.00031584, RMSE_E_per_atom=    1.89 meV, RMSE_F=   21.37 meV / A, RMSE_stress=    2.63 meV / A^3
2025-11-06 18:56:14.739 INFO: Epoch 7: head: Default, loss=0.00029388, RMSE_E_per_atom=    1.93 meV, RMSE_F=   20.17 meV / A, RMSE_stress=    2.63 meV / A^3
2025-11-06 18:57:00.637 INFO: Epoch 8: head: Default, loss=0.00027878, RMSE_E_per_atom=    2.56 meV, RMSE_F=   19.35 meV / A, RMSE_stress=    2.61 meV / A^3
2025-11-06 18:57:46.612 INFO: Epoch 9: head: Default, loss=0.00026455, RMSE_E_per_atom=    1.79 meV, RMSE_F=   18.61 meV / A, RMSE_stress=    2.60 meV / A^3
2025-11-06 18:58:32.496 INFO: Epoch 10: head: Default, loss=0.00025327, RMSE_E_per_atom=    0.91 meV, RMSE_F=   18.04 meV / A, RMSE_stress=    2.60 meV / A^3
2025-11-06 18:59:18.539 INFO: Epoch 11: head: Default, loss=0.00024272, RMSE_E_per_atom=    0.59 meV, RMSE_F=   17.47 meV / A, RMSE_stress=    2.59 meV / A^3
2025-11-06 19:00:04.439 INFO: Epoch 12: head: Default, loss=0.00023514, RMSE_E_per_atom=    0.55 meV, RMSE_F=   17.06 meV / A, RMSE_stress=    2.59 meV / A^3
2025-11-06 19:00:50.659 INFO: Epoch 13: head: Default, loss=0.00022902, RMSE_E_per_atom=    1.88 meV, RMSE_F=   16.69 meV / A, RMSE_stress=    2.59 meV / A^3
2025-11-06 19:01:37.060 INFO: Epoch 14: head: Default, loss=0.00022280, RMSE_E_per_atom=    1.46 meV, RMSE_F=   16.36 meV / A, RMSE_stress=    2.59 meV / A^3
2025-11-06 19:02:23.374 INFO: Epoch 15: head: Default, loss=0.00021615, RMSE_E_per_atom=    0.35 meV, RMSE_F=   15.99 meV / A, RMSE_stress=    2.59 meV / A^3
2025-11-06 19:03:09.565 INFO: Epoch 16: head: Default, loss=0.00021104, RMSE_E_per_atom=    0.89 meV, RMSE_F=   15.69 meV / A, RMSE_stress=    2.59 meV / A^3
2025-11-06 19:03:55.912 INFO: Epoch 17: head: Default, loss=0.00020660, RMSE_E_per_atom=    0.92 meV, RMSE_F=   15.45 meV / A, RMSE_stress=    2.59 meV / A^3
2025-11-06 19:04:41.977 INFO: Epoch 18: head: Default, loss=0.00020346, RMSE_E_per_atom=    0.92 meV, RMSE_F=   15.28 meV / A, RMSE_stress=    2.58 meV / A^3
2025-11-06 19:05:28.181 INFO: Epoch 19: head: Default, loss=0.00020073, RMSE_E_per_atom=    0.94 meV, RMSE_F=   15.13 meV / A, RMSE_stress=    2.58 meV / A^3
2025-11-06 19:06:14.244 INFO: Epoch 20: head: Default, loss=0.00019658, RMSE_E_per_atom=    0.43 meV, RMSE_F=   14.89 meV / A, RMSE_stress=    2.58 meV / A^3
2025-11-06 19:07:00.260 INFO: Epoch 21: head: Default, loss=0.00019356, RMSE_E_per_atom=    0.24 meV, RMSE_F=   14.72 meV / A, RMSE_stress=    2.58 meV / A^3
2025-11-06 19:07:46.236 INFO: Epoch 22: head: Default, loss=0.00019041, RMSE_E_per_atom=    0.65 meV, RMSE_F=   14.54 meV / A, RMSE_stress=    2.58 meV / A^3
2025-11-06 19:08:32.258 INFO: Epoch 23: head: Default, loss=0.00018796, RMSE_E_per_atom=    0.70 meV, RMSE_F=   14.40 meV / A, RMSE_stress=    2.58 meV / A^3
2025-11-06 19:09:18.305 INFO: Epoch 24: head: Default, loss=0.00018605, RMSE_E_per_atom=    0.67 meV, RMSE_F=   14.30 meV / A, RMSE_stress=    2.58 meV / A^3
2025-11-06 19:10:04.627 INFO: Epoch 25: head: Default, loss=0.00018311, RMSE_E_per_atom=    0.71 meV, RMSE_F=   14.12 meV / A, RMSE_stress=    2.58 meV / A^3
2025-11-06 19:10:50.995 INFO: Epoch 26: head: Default, loss=0.00018131, RMSE_E_per_atom=    0.51 meV, RMSE_F=   14.03 meV / A, RMSE_stress=    2.58 meV / A^3
2025-11-06 19:11:37.004 INFO: Epoch 27: head: Default, loss=0.00017933, RMSE_E_per_atom=    0.59 meV, RMSE_F=   13.91 meV / A, RMSE_stress=    2.58 meV / A^3
2025-11-06 19:12:22.921 INFO: Epoch 28: head: Default, loss=0.00017644, RMSE_E_per_atom=    0.59 meV, RMSE_F=   13.73 meV / A, RMSE_stress=    2.58 meV / A^3
2025-11-06 19:13:09.232 INFO: Epoch 29: head: Default, loss=0.00017400, RMSE_E_per_atom=    0.31 meV, RMSE_F=   13.59 meV / A, RMSE_stress=    2.58 meV / A^3
2025-11-06 19:13:09.272 INFO: Changing loss based on Stage Two Weights
2025-11-06 19:13:55.298 INFO: Epoch 30: head: Default, loss=0.00082203, RMSE_E_per_atom=    0.22 meV, RMSE_F=   13.41 meV / A, RMSE_stress=    2.58 meV / A^3
2025-11-06 19:14:41.292 INFO: Epoch 31: head: Default, loss=0.00080461, RMSE_E_per_atom=    0.21 meV, RMSE_F=   13.19 meV / A, RMSE_stress=    2.59 meV / A^3
2025-11-06 19:15:27.475 INFO: Epoch 32: head: Default, loss=0.00078962, RMSE_E_per_atom=    0.24 meV, RMSE_F=   13.01 meV / A, RMSE_stress=    2.60 meV / A^3
2025-11-06 19:16:13.414 INFO: Epoch 33: head: Default, loss=0.00077649, RMSE_E_per_atom=    0.41 meV, RMSE_F=   12.84 meV / A, RMSE_stress=    2.61 meV / A^3
2025-11-06 19:16:59.417 INFO: Epoch 34: head: Default, loss=0.00076528, RMSE_E_per_atom=    0.60 meV, RMSE_F=   12.71 meV / A, RMSE_stress=    2.62 meV / A^3
2025-11-06 19:17:45.387 INFO: Epoch 35: head: Default, loss=0.00075552, RMSE_E_per_atom=    0.77 meV, RMSE_F=   12.59 meV / A, RMSE_stress=    2.63 meV / A^3
2025-11-06 19:18:31.368 INFO: Epoch 36: head: Default, loss=0.00074697, RMSE_E_per_atom=    0.98 meV, RMSE_F=   12.48 meV / A, RMSE_stress=    2.63 meV / A^3
2025-11-06 19:19:17.163 INFO: Epoch 37: head: Default, loss=0.00073928, RMSE_E_per_atom=    1.11 meV, RMSE_F=   12.39 meV / A, RMSE_stress=    2.63 meV / A^3
2025-11-06 19:20:03.147 INFO: Epoch 38: head: Default, loss=0.00073228, RMSE_E_per_atom=    1.22 meV, RMSE_F=   12.30 meV / A, RMSE_stress=    2.64 meV / A^3
2025-11-06 19:20:49.287 INFO: Epoch 39: head: Default, loss=0.00072578, RMSE_E_per_atom=    1.29 meV, RMSE_F=   12.23 meV / A, RMSE_stress=    2.64 meV / A^3
2025-11-06 19:21:35.599 INFO: Epoch 40: head: Default, loss=0.00071982, RMSE_E_per_atom=    1.34 meV, RMSE_F=   12.15 meV / A, RMSE_stress=    2.64 meV / A^3
2025-11-06 19:22:21.834 INFO: Epoch 41: head: Default, loss=0.00071420, RMSE_E_per_atom=    1.37 meV, RMSE_F=   12.09 meV / A, RMSE_stress=    2.64 meV / A^3
2025-11-06 19:23:08.311 INFO: Epoch 42: head: Default, loss=0.00070893, RMSE_E_per_atom=    1.35 meV, RMSE_F=   12.02 meV / A, RMSE_stress=    2.64 meV / A^3
2025-11-06 19:23:54.433 INFO: Epoch 43: head: Default, loss=0.00070398, RMSE_E_per_atom=    1.37 meV, RMSE_F=   11.96 meV / A, RMSE_stress=    2.64 meV / A^3
2025-11-06 19:24:40.608 INFO: Epoch 44: head: Default, loss=0.00069936, RMSE_E_per_atom=    1.38 meV, RMSE_F=   11.91 meV / A, RMSE_stress=    2.65 meV / A^3
2025-11-06 19:25:26.979 INFO: Epoch 45: head: Default, loss=0.00069496, RMSE_E_per_atom=    1.36 meV, RMSE_F=   11.86 meV / A, RMSE_stress=    2.65 meV / A^3
2025-11-06 19:26:13.231 INFO: Epoch 46: head: Default, loss=0.00069079, RMSE_E_per_atom=    1.34 meV, RMSE_F=   11.81 meV / A, RMSE_stress=    2.65 meV / A^3
2025-11-06 19:26:59.310 INFO: Epoch 47: head: Default, loss=0.00068678, RMSE_E_per_atom=    1.31 meV, RMSE_F=   11.76 meV / A, RMSE_stress=    2.65 meV / A^3
2025-11-06 19:27:46.110 INFO: Epoch 48: head: Default, loss=0.00068305, RMSE_E_per_atom=    1.30 meV, RMSE_F=   11.72 meV / A, RMSE_stress=    2.65 meV / A^3
2025-11-06 19:28:32.122 INFO: Epoch 49: head: Default, loss=0.00067942, RMSE_E_per_atom=    1.28 meV, RMSE_F=   11.67 meV / A, RMSE_stress=    2.65 meV / A^3
2025-11-06 19:29:18.369 INFO: Epoch 50: head: Default, loss=0.00067595, RMSE_E_per_atom=    1.25 meV, RMSE_F=   11.63 meV / A, RMSE_stress=    2.65 meV / A^3
2025-11-06 19:30:04.471 INFO: Epoch 51: head: Default, loss=0.00067261, RMSE_E_per_atom=    1.25 meV, RMSE_F=   11.59 meV / A, RMSE_stress=    2.65 meV / A^3
2025-11-06 19:30:50.846 INFO: Epoch 52: head: Default, loss=0.00066943, RMSE_E_per_atom=    1.24 meV, RMSE_F=   11.55 meV / A, RMSE_stress=    2.65 meV / A^3
2025-11-06 19:31:36.849 INFO: Epoch 53: head: Default, loss=0.00066622, RMSE_E_per_atom=    1.22 meV, RMSE_F=   11.52 meV / A, RMSE_stress=    2.65 meV / A^3
2025-11-06 19:32:22.919 INFO: Epoch 54: head: Default, loss=0.00066318, RMSE_E_per_atom=    1.20 meV, RMSE_F=   11.48 meV / A, RMSE_stress=    2.64 meV / A^3
2025-11-06 19:33:08.888 INFO: Epoch 55: head: Default, loss=0.00066034, RMSE_E_per_atom=    1.19 meV, RMSE_F=   11.45 meV / A, RMSE_stress=    2.64 meV / A^3
2025-11-06 19:33:55.271 INFO: Epoch 56: head: Default, loss=0.00065756, RMSE_E_per_atom=    1.16 meV, RMSE_F=   11.41 meV / A, RMSE_stress=    2.64 meV / A^3
2025-11-06 19:34:41.459 INFO: Epoch 57: head: Default, loss=0.00065489, RMSE_E_per_atom=    1.15 meV, RMSE_F=   11.38 meV / A, RMSE_stress=    2.64 meV / A^3
2025-11-06 19:35:27.522 INFO: Epoch 58: head: Default, loss=0.00065230, RMSE_E_per_atom=    1.13 meV, RMSE_F=   11.35 meV / A, RMSE_stress=    2.64 meV / A^3
2025-11-06 19:36:13.654 INFO: Epoch 59: head: Default, loss=0.00064978, RMSE_E_per_atom=    1.12 meV, RMSE_F=   11.32 meV / A, RMSE_stress=    2.64 meV / A^3
2025-11-06 19:36:59.712 INFO: Epoch 60: head: Default, loss=0.00064732, RMSE_E_per_atom=    1.11 meV, RMSE_F=   11.29 meV / A, RMSE_stress=    2.64 meV / A^3
2025-11-06 19:37:46.040 INFO: Epoch 61: head: Default, loss=0.00064490, RMSE_E_per_atom=    1.10 meV, RMSE_F=   11.26 meV / A, RMSE_stress=    2.64 meV / A^3
2025-11-06 19:38:32.531 INFO: Epoch 62: head: Default, loss=0.00064253, RMSE_E_per_atom=    1.08 meV, RMSE_F=   11.23 meV / A, RMSE_stress=    2.64 meV / A^3
2025-11-06 19:39:18.693 INFO: Epoch 63: head: Default, loss=0.00064020, RMSE_E_per_atom=    1.09 meV, RMSE_F=   11.21 meV / A, RMSE_stress=    2.64 meV / A^3
2025-11-06 19:40:04.855 INFO: Epoch 64: head: Default, loss=0.00063788, RMSE_E_per_atom=    1.08 meV, RMSE_F=   11.18 meV / A, RMSE_stress=    2.64 meV / A^3
2025-11-06 19:40:51.098 INFO: Epoch 65: head: Default, loss=0.00063568, RMSE_E_per_atom=    1.10 meV, RMSE_F=   11.15 meV / A, RMSE_stress=    2.63 meV / A^3
2025-11-06 19:41:37.067 INFO: Epoch 66: head: Default, loss=0.00063347, RMSE_E_per_atom=    1.10 meV, RMSE_F=   11.13 meV / A, RMSE_stress=    2.63 meV / A^3
2025-11-06 19:42:23.173 INFO: Epoch 67: head: Default, loss=0.00063131, RMSE_E_per_atom=    1.09 meV, RMSE_F=   11.10 meV / A, RMSE_stress=    2.63 meV / A^3
2025-11-06 19:43:09.201 INFO: Epoch 68: head: Default, loss=0.00062922, RMSE_E_per_atom=    1.08 meV, RMSE_F=   11.08 meV / A, RMSE_stress=    2.63 meV / A^3
2025-11-06 19:43:55.231 INFO: Epoch 69: head: Default, loss=0.00062712, RMSE_E_per_atom=    1.07 meV, RMSE_F=   11.05 meV / A, RMSE_stress=    2.63 meV / A^3
2025-11-06 19:44:41.621 INFO: Epoch 70: head: Default, loss=0.00062511, RMSE_E_per_atom=    1.06 meV, RMSE_F=   11.03 meV / A, RMSE_stress=    2.63 meV / A^3
2025-11-06 19:45:27.807 INFO: Epoch 71: head: Default, loss=0.00062310, RMSE_E_per_atom=    1.05 meV, RMSE_F=   11.00 meV / A, RMSE_stress=    2.63 meV / A^3
2025-11-06 19:46:13.764 INFO: Epoch 72: head: Default, loss=0.00062112, RMSE_E_per_atom=    1.05 meV, RMSE_F=   10.98 meV / A, RMSE_stress=    2.63 meV / A^3
2025-11-06 19:46:59.785 INFO: Epoch 73: head: Default, loss=0.00061917, RMSE_E_per_atom=    1.05 meV, RMSE_F=   10.96 meV / A, RMSE_stress=    2.63 meV / A^3
2025-11-06 19:47:45.818 INFO: Epoch 74: head: Default, loss=0.00061729, RMSE_E_per_atom=    1.04 meV, RMSE_F=   10.93 meV / A, RMSE_stress=    2.62 meV / A^3
2025-11-06 19:48:31.796 INFO: Epoch 75: head: Default, loss=0.00061545, RMSE_E_per_atom=    1.04 meV, RMSE_F=   10.91 meV / A, RMSE_stress=    2.62 meV / A^3
2025-11-06 19:49:18.159 INFO: Epoch 76: head: Default, loss=0.00061363, RMSE_E_per_atom=    1.03 meV, RMSE_F=   10.89 meV / A, RMSE_stress=    2.62 meV / A^3
2025-11-06 19:50:04.250 INFO: Epoch 77: head: Default, loss=0.00061185, RMSE_E_per_atom=    1.04 meV, RMSE_F=   10.87 meV / A, RMSE_stress=    2.62 meV / A^3
2025-11-06 19:50:50.553 INFO: Epoch 78: head: Default, loss=0.00061002, RMSE_E_per_atom=    1.05 meV, RMSE_F=   10.85 meV / A, RMSE_stress=    2.62 meV / A^3
2025-11-06 19:51:36.714 INFO: Epoch 79: head: Default, loss=0.00060825, RMSE_E_per_atom=    1.06 meV, RMSE_F=   10.83 meV / A, RMSE_stress=    2.62 meV / A^3
2025-11-06 19:52:22.875 INFO: Epoch 80: head: Default, loss=0.00060655, RMSE_E_per_atom=    1.08 meV, RMSE_F=   10.80 meV / A, RMSE_stress=    2.62 meV / A^3
2025-11-06 19:53:09.125 INFO: Epoch 81: head: Default, loss=0.00060483, RMSE_E_per_atom=    1.08 meV, RMSE_F=   10.78 meV / A, RMSE_stress=    2.62 meV / A^3
2025-11-06 19:53:55.323 INFO: Epoch 82: head: Default, loss=0.00060317, RMSE_E_per_atom=    1.08 meV, RMSE_F=   10.76 meV / A, RMSE_stress=    2.62 meV / A^3
2025-11-06 19:54:41.343 INFO: Epoch 83: head: Default, loss=0.00060154, RMSE_E_per_atom=    1.10 meV, RMSE_F=   10.74 meV / A, RMSE_stress=    2.62 meV / A^3
2025-11-06 19:55:27.440 INFO: Epoch 84: head: Default, loss=0.00059991, RMSE_E_per_atom=    1.11 meV, RMSE_F=   10.72 meV / A, RMSE_stress=    2.62 meV / A^3
2025-11-06 19:56:13.454 INFO: Epoch 85: head: Default, loss=0.00059832, RMSE_E_per_atom=    1.10 meV, RMSE_F=   10.71 meV / A, RMSE_stress=    2.61 meV / A^3
2025-11-06 19:56:59.684 INFO: Epoch 86: head: Default, loss=0.00059677, RMSE_E_per_atom=    1.11 meV, RMSE_F=   10.69 meV / A, RMSE_stress=    2.61 meV / A^3
2025-11-06 19:57:45.712 INFO: Epoch 87: head: Default, loss=0.00059525, RMSE_E_per_atom=    1.13 meV, RMSE_F=   10.67 meV / A, RMSE_stress=    2.61 meV / A^3
2025-11-06 19:58:31.907 INFO: Epoch 88: head: Default, loss=0.00059372, RMSE_E_per_atom=    1.11 meV, RMSE_F=   10.65 meV / A, RMSE_stress=    2.61 meV / A^3
2025-11-06 19:59:18.014 INFO: Epoch 89: head: Default, loss=0.00059222, RMSE_E_per_atom=    1.11 meV, RMSE_F=   10.63 meV / A, RMSE_stress=    2.61 meV / A^3
2025-11-06 20:00:04.271 INFO: Epoch 90: head: Default, loss=0.00059075, RMSE_E_per_atom=    1.11 meV, RMSE_F=   10.62 meV / A, RMSE_stress=    2.61 meV / A^3
2025-11-06 20:00:50.792 INFO: Epoch 91: head: Default, loss=0.00058930, RMSE_E_per_atom=    1.11 meV, RMSE_F=   10.60 meV / A, RMSE_stress=    2.61 meV / A^3
2025-11-06 20:01:37.028 INFO: Epoch 92: head: Default, loss=0.00058784, RMSE_E_per_atom=    1.12 meV, RMSE_F=   10.58 meV / A, RMSE_stress=    2.61 meV / A^3
2025-11-06 20:02:23.193 INFO: Epoch 93: head: Default, loss=0.00058644, RMSE_E_per_atom=    1.12 meV, RMSE_F=   10.56 meV / A, RMSE_stress=    2.61 meV / A^3
2025-11-06 20:03:09.413 INFO: Epoch 94: head: Default, loss=0.00058507, RMSE_E_per_atom=    1.09 meV, RMSE_F=   10.55 meV / A, RMSE_stress=    2.61 meV / A^3
2025-11-06 20:03:55.636 INFO: Epoch 95: head: Default, loss=0.00058375, RMSE_E_per_atom=    1.08 meV, RMSE_F=   10.53 meV / A, RMSE_stress=    2.61 meV / A^3
2025-11-06 20:04:41.865 INFO: Epoch 96: head: Default, loss=0.00058246, RMSE_E_per_atom=    1.08 meV, RMSE_F=   10.52 meV / A, RMSE_stress=    2.61 meV / A^3
2025-11-06 20:05:27.950 INFO: Epoch 97: head: Default, loss=0.00058117, RMSE_E_per_atom=    1.06 meV, RMSE_F=   10.50 meV / A, RMSE_stress=    2.60 meV / A^3
2025-11-06 20:06:14.149 INFO: Epoch 98: head: Default, loss=0.00057993, RMSE_E_per_atom=    1.01 meV, RMSE_F=   10.49 meV / A, RMSE_stress=    2.60 meV / A^3
2025-11-06 20:07:00.431 INFO: Epoch 99: head: Default, loss=0.00057868, RMSE_E_per_atom=    0.99 meV, RMSE_F=   10.47 meV / A, RMSE_stress=    2.60 meV / A^3
2025-11-06 20:07:00.473 INFO: Training complete
2025-11-06 20:07:00.473 INFO: 
2025-11-06 20:07:00.474 INFO: ===========RESULTS===========
2025-11-06 20:07:00.767 INFO: Loading checkpoint: /home/ubuntu/Downloads/mace-kan/checkpoints/MACE_Ag_libra_run-1_epoch-29.pt
2025-11-06 20:07:00.824 INFO: Loaded Stage one model from epoch 29 for evaluation
2025-11-06 20:07:00.824 INFO: Saving model to /home/ubuntu/Downloads/mace-kan/checkpoints/MACE_Ag_libra_run-1.model
2025-11-06 20:07:00.995 INFO: Compiling model, saving metadata to MACE_Ag_libra_compiled.model
2025-11-06 20:07:01.462 INFO: Computing metrics for training, validation, and test sets
2025-11-06 20:07:01.463 INFO: Skipping evaluation for heads: ['pt_head']
2025-11-06 20:07:01.463 INFO: Evaluating train_Default ...
2025-11-06 20:07:19.751 INFO: Evaluating valid_Default ...
2025-11-06 20:07:22.019 INFO: Error-table on TRAIN and VALID:
+---------------+---------------------+------------------+-------------------+---------------------------------------+
|  config_type  | RMSE E / meV / atom | RMSE F / meV / A | relative F RMSE % | RMSE Stress (Virials) / meV / A (A^3) |
+---------------+---------------------+------------------+-------------------+---------------------------------------+
| train_Default |           87.7      |         13.5     |          1.81     |                     2.8               |
| valid_Default |            0.3      |         13.6     |          1.80     |                     2.6               |
+---------------+---------------------+------------------+-------------------+---------------------------------------+
2025-11-06 20:07:22.019 INFO: Evaluating sp_Default ...
2025-11-06 20:07:24.311 INFO: Error-table on TEST:
+-------------+---------------------+------------------+-------------------+---------------------------------------+
| config_type | RMSE E / meV / atom | RMSE F / meV / A | relative F RMSE % | RMSE Stress (Virials) / meV / A (A^3) |
+-------------+---------------------+------------------+-------------------+---------------------------------------+
|  sp_Default |            0.3      |         13.3     |          1.79     |                     2.5               |
+-------------+---------------------+------------------+-------------------+---------------------------------------+
2025-11-06 20:07:54.226 INFO: Loading checkpoint: /home/ubuntu/Downloads/mace-kan/checkpoints/MACE_Ag_libra_run-1_epoch-99_swa.pt
2025-11-06 20:07:54.273 INFO: Loaded Stage two model from epoch 99 for evaluation
2025-11-06 20:07:54.273 INFO: Saving model to /home/ubuntu/Downloads/mace-kan/checkpoints/MACE_Ag_libra_run-1_stagetwo.model
2025-11-06 20:07:54.444 INFO: Compiling model, saving metadata MACE_Ag_libra_stagetwo_compiled.model
2025-11-06 20:07:54.894 INFO: Computing metrics for training, validation, and test sets
2025-11-06 20:07:54.895 INFO: Skipping evaluation for heads: ['pt_head']
2025-11-06 20:07:54.896 INFO: Evaluating train_Default ...
2025-11-06 20:08:13.341 INFO: Evaluating valid_Default ...
2025-11-06 20:08:15.664 INFO: Error-table on TRAIN and VALID:
+---------------+---------------------+------------------+-------------------+---------------------------------------+
|  config_type  | RMSE E / meV / atom | RMSE F / meV / A | relative F RMSE % | RMSE Stress (Virials) / meV / A (A^3) |
+---------------+---------------------+------------------+-------------------+---------------------------------------+
| train_Default |           87.7      |         10.2     |          1.38     |                     2.8               |
| valid_Default |            1.0      |         10.5     |          1.39     |                     2.6               |
+---------------+---------------------+------------------+-------------------+---------------------------------------+
2025-11-06 20:08:15.664 INFO: Evaluating sp_Default ...
2025-11-06 20:08:18.166 INFO: Error-table on TEST:
+-------------+---------------------+------------------+-------------------+---------------------------------------+
| config_type | RMSE E / meV / atom | RMSE F / meV / A | relative F RMSE % | RMSE Stress (Virials) / meV / A (A^3) |
+-------------+---------------------+------------------+-------------------+---------------------------------------+
|  sp_Default |            1.0      |         10.2     |          1.38     |                     2.5               |
+-------------+---------------------+------------------+-------------------+---------------------------------------+
2025-11-06 20:08:48.815 INFO: Done
2025-11-06 20:17:48.902 INFO: ===========VERIFYING SETTINGS===========
2025-11-06 20:17:48.902 WARNING: All of hidden_irreps, num_channels and max_L are specified
2025-11-06 20:17:48.903 WARNING: Using num_channels and max_L to create hidden_irreps: 128x0e+128x1o.
2025-11-06 20:17:48.903 INFO: Stage Two is activated as start_stage_two was defined
2025-11-06 20:17:48.903 INFO: MACE version: 0.3.14
2025-11-06 20:17:48.938 INFO: CUDA version: 11.8, CUDA device: 0
2025-11-06 20:17:48.974 INFO: ===========LOADING INPUT DATA===========
2025-11-06 20:17:48.974 INFO: Using heads: ['Default']
2025-11-06 20:17:48.974 INFO: Using the key specifications to parse data:
2025-11-06 20:17:48.974 INFO: Default: KeySpecification(info_keys={'energy': 'dft_energy', 'stress': 'stress', 'virials': 'REF_virials', 'dipole': 'dipole', 'head': 'head', 'elec_temp': 'elec_temp', 'total_charge': 'total_charge', 'polarizability': 'polarizability', 'total_spin': 'total_spin'}, arrays_keys={'forces': 'dft_forces', 'charges': 'REF_charges'})
2025-11-06 20:17:48.974 INFO: =============    Processing head Default     ===========
2025-11-06 20:17:49.409 WARNING: Since ASE version 3.23.0b1, using stress_key 'stress' is no longer safe when communicating between MACE and ASE. We recommend using a different key, rewriting 'stress' to 'REF_stress'. You need to use --stress_key='REF_stress' to specify the chosen key name.
2025-11-06 20:17:49.442 INFO: Training set 1/1 [energy: 927, stress: 928, virials: 0, dipole components: 0, head: 928, elec_temp: 0, total_charge: 0, polarizability: 0, total_spin: 0, forces: 927, charges: 0]
2025-11-06 20:17:49.446 INFO: Total Training set [energy: 927, stress: 928, virials: 0, dipole components: 0, head: 928, elec_temp: 0, total_charge: 0, polarizability: 0, total_spin: 0, forces: 927, charges: 0]
2025-11-06 20:17:49.514 WARNING: Since ASE version 3.23.0b1, using stress_key 'stress' is no longer safe when communicating between MACE and ASE. We recommend using a different key, rewriting 'stress' to 'REF_stress'. You need to use --stress_key='REF_stress' to specify the chosen key name.
2025-11-06 20:17:49.518 INFO: Validation set 1/1 [energy: 115, stress: 115, virials: 0, dipole components: 0, head: 115, elec_temp: 0, total_charge: 0, polarizability: 0, total_spin: 0, forces: 115, charges: 0]
2025-11-06 20:17:49.519 INFO: Total Validation set [energy: 115, stress: 115, virials: 0, dipole components: 0, head: 115, elec_temp: 0, total_charge: 0, polarizability: 0, total_spin: 0, forces: 115, charges: 0]
2025-11-06 20:17:49.585 WARNING: Since ASE version 3.23.0b1, using stress_key 'stress' is no longer safe when communicating between MACE and ASE. We recommend using a different key, rewriting 'stress' to 'REF_stress'. You need to use --stress_key='REF_stress' to specify the chosen key name.
2025-11-06 20:17:49.589 INFO: Test set 1/1 [energy: 116, stress: 116, virials: 0, dipole components: 0, head: 116, elec_temp: 0, total_charge: 0, polarizability: 0, total_spin: 0, forces: 116, charges: 0]
2025-11-06 20:17:49.590 INFO: Total Test set [energy: 116, stress: 116, virials: 0, dipole components: 0, head: 116, elec_temp: 0, total_charge: 0, polarizability: 0, total_spin: 0, forces: 116, charges: 0]
2025-11-06 20:17:49.590 INFO: Total number of configurations: train=928, valid=115, tests=[sp_Default: 116],
2025-11-06 20:17:49.590 INFO: Using atomic numbers from command line argument
2025-11-06 20:17:49.590 INFO: Atomic Numbers used: [47]
2025-11-06 20:17:49.590 INFO: Isolated Atomic Energies (E0s) not in training file, using command line argument
2025-11-06 20:17:49.590 INFO: Atomic Energies used (z: eV) for head Default: {47: -2.670131299573519}
2025-11-06 20:17:49.591 INFO: Processing datasets for head 'Default'
2025-11-06 20:17:51.506 INFO: Combining 1 list datasets for head 'Default'
2025-11-06 20:17:51.742 INFO: Combining 1 list datasets for head 'Default_valid'
2025-11-06 20:17:51.742 INFO: Combined validation datasets for Default
2025-11-06 20:17:51.742 INFO: Head 'Default' training dataset size: 928
2025-11-06 20:17:51.743 INFO: Computing average number of neighbors
2025-11-06 20:17:56.535 INFO: Average number of neighbors: 49.59964750748287
2025-11-06 20:17:56.536 INFO: HEADS used: ['Default']
2025-11-06 20:17:56.536 INFO: During training the following quantities will be reported: energy, forces, stress
2025-11-06 20:17:56.536 INFO: ===========MODEL DETAILS===========
2025-11-06 20:17:59.371 INFO: Building model
2025-11-06 20:17:59.372 INFO: Message passing with 128 channels and max_L=1 (128x0e+128x1o)
2025-11-06 20:17:59.372 INFO: 2 layers, each with correlation order: 2 (body order: 3) and spherical harmonics up to: l=3
2025-11-06 20:17:59.372 INFO: 8 radial and 5 basis functions
2025-11-06 20:17:59.372 INFO: Radial cutoff: 6.0 A (total receptive field for each atom: 12.0 A)
2025-11-06 20:17:59.372 INFO: Distance transform for radial basis functions: Agnesi
2025-11-06 20:17:59.372 INFO: Hidden irreps: 128x0e+128x1o
2025-11-06 20:17:59.373 INFO: Retrying ScaleShiftMACE without extra kwargs due to: MACE.__init__() got an unexpected keyword argument 'node_mlp_factory'
2025-11-06 20:18:00.356 INFO: Total number of parameters: 546192
2025-11-06 20:18:00.356 INFO: 
2025-11-06 20:18:00.356 INFO: ===========OPTIMIZER INFORMATION===========
2025-11-06 20:18:00.356 INFO: Using ADAM as parameter optimizer
2025-11-06 20:18:00.356 INFO: Batch size: 4
2025-11-06 20:18:00.356 INFO: Using Exponential Moving Average with decay: 0.99999
2025-11-06 20:18:00.356 INFO: Number of gradient updates: 23200
2025-11-06 20:18:00.356 INFO: Learning rate: 0.008, weight decay: 1e-08
2025-11-06 20:18:00.357 INFO: UniversalLoss(energy_weight=1.000, forces_weight=10.000, stress_weight=10.000)
2025-11-06 20:18:00.357 INFO: Stage Two (after 30 epochs) with loss function: UniversalLoss(energy_weight=1.000, forces_weight=50.000, stress_weight=10.000), with energy weight : 1.0, forces weight : 50.0, stress weight : 10.0 and learning rate : 0.001
2025-11-06 20:18:00.448 INFO: Using gradient clipping with tolerance=100.000
2025-11-06 20:18:00.448 INFO: 
2025-11-06 20:18:00.448 INFO: ===========TRAINING===========
2025-11-06 20:18:00.448 INFO: ===========MIXER CONFIG===========
2025-11-06 20:18:00.448 INFO: Readout: NonLinearReadoutBlock  [kan=OFF | kaf=OFF | libra=OFF]
2025-11-06 20:18:00.448 INFO: Interaction MLPs: node_librakan=OFF, edge_librakan=OFF
2025-11-06 20:18:00.448 INFO: ==================================
2025-11-06 20:18:00.448 INFO: Started training, reporting errors on validation set
2025-11-06 20:18:00.448 INFO: Loss metrics on validation set
2025-11-06 20:18:11.549 INFO: Initial: head: Default, loss=0.01546474, RMSE_E_per_atom=  249.86 meV, RMSE_F=  762.49 meV / A, RMSE_stress=    3.13 meV / A^3
2025-11-06 20:19:10.980 INFO: Epoch 0: head: Default, loss=0.00197745, RMSE_E_per_atom=   10.01 meV, RMSE_F=  116.63 meV / A, RMSE_stress=    2.44 meV / A^3
2025-11-06 20:19:58.613 INFO: Epoch 1: head: Default, loss=0.00075332, RMSE_E_per_atom=    2.39 meV, RMSE_F=   46.47 meV / A, RMSE_stress=    2.59 meV / A^3
2025-11-06 20:20:36.960 INFO: ===========VERIFYING SETTINGS===========
2025-11-06 20:20:36.960 WARNING: All of hidden_irreps, num_channels and max_L are specified
2025-11-06 20:20:36.960 WARNING: Using num_channels and max_L to create hidden_irreps: 128x0e+128x1o.
2025-11-06 20:20:36.960 INFO: Stage Two is activated as start_stage_two was defined
2025-11-06 20:20:36.960 INFO: MACE version: 0.3.14
2025-11-06 20:20:36.993 INFO: CUDA version: 11.8, CUDA device: 0
2025-11-06 20:20:37.031 INFO: ===========LOADING INPUT DATA===========
2025-11-06 20:20:37.031 INFO: Using heads: ['Default']
2025-11-06 20:20:37.032 INFO: Using the key specifications to parse data:
2025-11-06 20:20:37.032 INFO: Default: KeySpecification(info_keys={'energy': 'dft_energy', 'stress': 'stress', 'virials': 'REF_virials', 'dipole': 'dipole', 'head': 'head', 'elec_temp': 'elec_temp', 'total_charge': 'total_charge', 'polarizability': 'polarizability', 'total_spin': 'total_spin'}, arrays_keys={'forces': 'dft_forces', 'charges': 'REF_charges'})
2025-11-06 20:20:37.032 INFO: =============    Processing head Default     ===========
2025-11-06 20:20:37.461 WARNING: Since ASE version 3.23.0b1, using stress_key 'stress' is no longer safe when communicating between MACE and ASE. We recommend using a different key, rewriting 'stress' to 'REF_stress'. You need to use --stress_key='REF_stress' to specify the chosen key name.
2025-11-06 20:20:37.496 INFO: Training set 1/1 [energy: 927, stress: 928, virials: 0, dipole components: 0, head: 928, elec_temp: 0, total_charge: 0, polarizability: 0, total_spin: 0, forces: 927, charges: 0]
2025-11-06 20:20:37.500 INFO: Total Training set [energy: 927, stress: 928, virials: 0, dipole components: 0, head: 928, elec_temp: 0, total_charge: 0, polarizability: 0, total_spin: 0, forces: 927, charges: 0]
2025-11-06 20:20:37.566 WARNING: Since ASE version 3.23.0b1, using stress_key 'stress' is no longer safe when communicating between MACE and ASE. We recommend using a different key, rewriting 'stress' to 'REF_stress'. You need to use --stress_key='REF_stress' to specify the chosen key name.
2025-11-06 20:20:37.569 INFO: Validation set 1/1 [energy: 115, stress: 115, virials: 0, dipole components: 0, head: 115, elec_temp: 0, total_charge: 0, polarizability: 0, total_spin: 0, forces: 115, charges: 0]
2025-11-06 20:20:37.570 INFO: Total Validation set [energy: 115, stress: 115, virials: 0, dipole components: 0, head: 115, elec_temp: 0, total_charge: 0, polarizability: 0, total_spin: 0, forces: 115, charges: 0]
2025-11-06 20:20:37.635 WARNING: Since ASE version 3.23.0b1, using stress_key 'stress' is no longer safe when communicating between MACE and ASE. We recommend using a different key, rewriting 'stress' to 'REF_stress'. You need to use --stress_key='REF_stress' to specify the chosen key name.
2025-11-06 20:20:37.640 INFO: Test set 1/1 [energy: 116, stress: 116, virials: 0, dipole components: 0, head: 116, elec_temp: 0, total_charge: 0, polarizability: 0, total_spin: 0, forces: 116, charges: 0]
2025-11-06 20:20:37.641 INFO: Total Test set [energy: 116, stress: 116, virials: 0, dipole components: 0, head: 116, elec_temp: 0, total_charge: 0, polarizability: 0, total_spin: 0, forces: 116, charges: 0]
2025-11-06 20:20:37.641 INFO: Total number of configurations: train=928, valid=115, tests=[sp_Default: 116],
2025-11-06 20:20:37.641 INFO: Using atomic numbers from command line argument
2025-11-06 20:20:37.641 INFO: Atomic Numbers used: [47]
2025-11-06 20:20:37.641 INFO: Isolated Atomic Energies (E0s) not in training file, using command line argument
2025-11-06 20:20:37.641 INFO: Atomic Energies used (z: eV) for head Default: {47: -2.670131299573519}
2025-11-06 20:20:37.641 INFO: Processing datasets for head 'Default'
2025-11-06 20:20:39.477 INFO: Combining 1 list datasets for head 'Default'
2025-11-06 20:20:39.704 INFO: Combining 1 list datasets for head 'Default_valid'
2025-11-06 20:20:39.705 INFO: Combined validation datasets for Default
2025-11-06 20:20:39.705 INFO: Head 'Default' training dataset size: 928
2025-11-06 20:20:39.706 INFO: Computing average number of neighbors
2025-11-06 20:20:44.395 INFO: Average number of neighbors: 49.59964750748287
2025-11-06 20:20:44.396 INFO: HEADS used: ['Default']
2025-11-06 20:20:44.396 INFO: During training the following quantities will be reported: energy, forces, stress
2025-11-06 20:20:44.396 INFO: ===========MODEL DETAILS===========
2025-11-06 20:20:47.283 INFO: Building model
2025-11-06 20:20:47.284 INFO: Message passing with 128 channels and max_L=1 (128x0e+128x1o)
2025-11-06 20:20:47.284 INFO: 2 layers, each with correlation order: 2 (body order: 3) and spherical harmonics up to: l=3
2025-11-06 20:20:47.284 INFO: 8 radial and 5 basis functions
2025-11-06 20:20:47.284 INFO: Radial cutoff: 6.0 A (total receptive field for each atom: 12.0 A)
2025-11-06 20:20:47.284 INFO: Distance transform for radial basis functions: Agnesi
2025-11-06 20:20:47.284 INFO: Hidden irreps: 128x0e+128x1o
2025-11-06 20:20:47.285 INFO: Retrying ScaleShiftMACE without extra kwargs due to: MACE.__init__() got an unexpected keyword argument 'node_mlp_factory'
2025-11-06 20:20:48.067 INFO: Total number of parameters: 546192
2025-11-06 20:20:48.067 INFO: 
2025-11-06 20:20:48.067 INFO: ===========OPTIMIZER INFORMATION===========
2025-11-06 20:20:48.067 INFO: Using ADAM as parameter optimizer
2025-11-06 20:20:48.067 INFO: Batch size: 4
2025-11-06 20:20:48.067 INFO: Using Exponential Moving Average with decay: 0.99999
2025-11-06 20:20:48.067 INFO: Number of gradient updates: 23200
2025-11-06 20:20:48.067 INFO: Learning rate: 0.008, weight decay: 1e-08
2025-11-06 20:20:48.067 INFO: UniversalLoss(energy_weight=1.000, forces_weight=10.000, stress_weight=10.000)
2025-11-06 20:20:48.069 INFO: Stage Two (after 30 epochs) with loss function: UniversalLoss(energy_weight=1.000, forces_weight=50.000, stress_weight=10.000), with energy weight : 1.0, forces weight : 50.0, stress weight : 10.0 and learning rate : 0.001
2025-11-06 20:20:48.463 INFO: Using gradient clipping with tolerance=100.000
2025-11-06 20:20:48.464 INFO: 
2025-11-06 20:20:48.464 INFO: ===========TRAINING===========
2025-11-06 20:20:48.464 INFO: ===========MIXER CONFIG===========
2025-11-06 20:20:48.464 INFO: Readout: NonLinearReadoutBlock  [kan=OFF | kaf=OFF | libra=OFF]
2025-11-06 20:20:48.464 INFO: Interaction MLPs: node_librakan=OFF, edge_librakan=OFF
2025-11-06 20:20:48.464 INFO: ==================================
2025-11-06 20:20:48.464 INFO: Started training, reporting errors on validation set
2025-11-06 20:20:48.464 INFO: Loss metrics on validation set
2025-11-06 20:21:00.230 INFO: Initial: head: Default, loss=0.01546474, RMSE_E_per_atom=  249.86 meV, RMSE_F=  762.49 meV / A, RMSE_stress=    3.13 meV / A^3
2025-11-06 20:21:59.143 INFO: Epoch 0: head: Default, loss=0.00197745, RMSE_E_per_atom=   10.01 meV, RMSE_F=  116.63 meV / A, RMSE_stress=    2.44 meV / A^3
2025-11-06 20:22:46.301 INFO: Epoch 1: head: Default, loss=0.00068591, RMSE_E_per_atom=    3.67 meV, RMSE_F=   42.51 meV / A, RMSE_stress=    2.58 meV / A^3
2025-11-06 20:23:32.565 INFO: Epoch 2: head: Default, loss=0.00045966, RMSE_E_per_atom=    1.32 meV, RMSE_F=   29.33 meV / A, RMSE_stress=    2.64 meV / A^3
2025-11-06 20:24:18.859 INFO: Epoch 3: head: Default, loss=0.00039770, RMSE_E_per_atom=    2.42 meV, RMSE_F=   25.94 meV / A, RMSE_stress=    2.64 meV / A^3
2025-11-06 20:25:05.052 INFO: Epoch 4: head: Default, loss=0.00036345, RMSE_E_per_atom=    1.14 meV, RMSE_F=   24.02 meV / A, RMSE_stress=    2.66 meV / A^3
2025-11-06 20:25:51.078 INFO: Epoch 5: head: Default, loss=0.00033361, RMSE_E_per_atom=    0.85 meV, RMSE_F=   22.36 meV / A, RMSE_stress=    2.64 meV / A^3
2025-11-06 20:26:37.016 INFO: Epoch 6: head: Default, loss=0.00031228, RMSE_E_per_atom=    1.41 meV, RMSE_F=   21.20 meV / A, RMSE_stress=    2.63 meV / A^3
2025-11-06 20:27:23.172 INFO: Epoch 7: head: Default, loss=0.00029975, RMSE_E_per_atom=    0.51 meV, RMSE_F=   20.56 meV / A, RMSE_stress=    2.62 meV / A^3
2025-11-06 20:28:09.340 INFO: Epoch 8: head: Default, loss=0.00028726, RMSE_E_per_atom=    2.83 meV, RMSE_F=   19.85 meV / A, RMSE_stress=    2.62 meV / A^3
2025-11-06 20:28:55.690 INFO: Epoch 9: head: Default, loss=0.00026835, RMSE_E_per_atom=    2.01 meV, RMSE_F=   18.81 meV / A, RMSE_stress=    2.61 meV / A^3
2025-11-06 20:29:41.999 INFO: Epoch 10: head: Default, loss=0.00025633, RMSE_E_per_atom=    0.32 meV, RMSE_F=   18.20 meV / A, RMSE_stress=    2.60 meV / A^3
2025-11-06 20:30:28.174 INFO: Epoch 11: head: Default, loss=0.00024525, RMSE_E_per_atom=    0.29 meV, RMSE_F=   17.59 meV / A, RMSE_stress=    2.60 meV / A^3
2025-11-06 20:31:14.566 INFO: Epoch 12: head: Default, loss=0.00023632, RMSE_E_per_atom=    1.28 meV, RMSE_F=   17.11 meV / A, RMSE_stress=    2.59 meV / A^3
2025-11-06 20:32:01.174 INFO: Epoch 13: head: Default, loss=0.00022977, RMSE_E_per_atom=    1.01 meV, RMSE_F=   16.75 meV / A, RMSE_stress=    2.59 meV / A^3
2025-11-06 20:32:47.701 INFO: Epoch 14: head: Default, loss=0.00022434, RMSE_E_per_atom=    0.57 meV, RMSE_F=   16.46 meV / A, RMSE_stress=    2.59 meV / A^3
2025-11-06 20:33:35.220 INFO: Epoch 15: head: Default, loss=0.00022000, RMSE_E_per_atom=    0.25 meV, RMSE_F=   16.22 meV / A, RMSE_stress=    2.59 meV / A^3
2025-11-06 20:34:21.781 INFO: Epoch 16: head: Default, loss=0.00021320, RMSE_E_per_atom=    0.69 meV, RMSE_F=   15.82 meV / A, RMSE_stress=    2.59 meV / A^3
2025-11-06 20:35:08.107 INFO: Epoch 17: head: Default, loss=0.00020834, RMSE_E_per_atom=    0.83 meV, RMSE_F=   15.55 meV / A, RMSE_stress=    2.58 meV / A^3
2025-11-06 20:35:55.627 INFO: Epoch 18: head: Default, loss=0.00020357, RMSE_E_per_atom=    0.72 meV, RMSE_F=   15.28 meV / A, RMSE_stress=    2.58 meV / A^3
2025-11-06 20:36:42.708 INFO: Epoch 19: head: Default, loss=0.00020014, RMSE_E_per_atom=    1.01 meV, RMSE_F=   15.08 meV / A, RMSE_stress=    2.58 meV / A^3
2025-11-06 20:37:28.853 INFO: Epoch 20: head: Default, loss=0.00019679, RMSE_E_per_atom=    1.04 meV, RMSE_F=   14.88 meV / A, RMSE_stress=    2.58 meV / A^3
2025-11-06 20:38:15.509 INFO: Epoch 21: head: Default, loss=0.00019275, RMSE_E_per_atom=    0.82 meV, RMSE_F=   14.65 meV / A, RMSE_stress=    2.58 meV / A^3
2025-11-06 20:39:02.711 INFO: Epoch 22: head: Default, loss=0.00019050, RMSE_E_per_atom=    0.74 meV, RMSE_F=   14.53 meV / A, RMSE_stress=    2.58 meV / A^3
2025-11-06 20:39:50.545 INFO: Epoch 23: head: Default, loss=0.00018797, RMSE_E_per_atom=    0.39 meV, RMSE_F=   14.39 meV / A, RMSE_stress=    2.58 meV / A^3
2025-11-06 20:40:37.134 INFO: Epoch 24: head: Default, loss=0.00018568, RMSE_E_per_atom=    0.22 meV, RMSE_F=   14.27 meV / A, RMSE_stress=    2.58 meV / A^3
2025-11-06 20:41:23.691 INFO: Epoch 25: head: Default, loss=0.00018274, RMSE_E_per_atom=    0.31 meV, RMSE_F=   14.10 meV / A, RMSE_stress=    2.58 meV / A^3
2025-11-06 20:42:10.200 INFO: Epoch 26: head: Default, loss=0.00017977, RMSE_E_per_atom=    0.22 meV, RMSE_F=   13.92 meV / A, RMSE_stress=    2.58 meV / A^3
2025-11-06 20:42:56.880 INFO: Epoch 27: head: Default, loss=0.00017784, RMSE_E_per_atom=    0.59 meV, RMSE_F=   13.81 meV / A, RMSE_stress=    2.58 meV / A^3
2025-11-06 20:43:43.203 INFO: Epoch 28: head: Default, loss=0.00017530, RMSE_E_per_atom=    0.39 meV, RMSE_F=   13.66 meV / A, RMSE_stress=    2.58 meV / A^3
2025-11-06 20:44:29.461 INFO: Epoch 29: head: Default, loss=0.00017274, RMSE_E_per_atom=    0.42 meV, RMSE_F=   13.51 meV / A, RMSE_stress=    2.58 meV / A^3
2025-11-06 20:44:29.511 INFO: Changing loss based on Stage Two Weights
2025-11-06 20:45:15.782 INFO: Epoch 30: head: Default, loss=0.00081590, RMSE_E_per_atom=    0.28 meV, RMSE_F=   13.33 meV / A, RMSE_stress=    2.58 meV / A^3
2025-11-06 20:46:01.958 INFO: Epoch 31: head: Default, loss=0.00079939, RMSE_E_per_atom=    0.24 meV, RMSE_F=   13.13 meV / A, RMSE_stress=    2.59 meV / A^3
2025-11-06 20:46:48.393 INFO: Epoch 32: head: Default, loss=0.00078511, RMSE_E_per_atom=    0.28 meV, RMSE_F=   12.95 meV / A, RMSE_stress=    2.60 meV / A^3
2025-11-06 20:47:34.802 INFO: Epoch 33: head: Default, loss=0.00077260, RMSE_E_per_atom=    0.43 meV, RMSE_F=   12.80 meV / A, RMSE_stress=    2.61 meV / A^3
2025-11-06 20:48:20.967 INFO: Epoch 34: head: Default, loss=0.00076184, RMSE_E_per_atom=    0.58 meV, RMSE_F=   12.67 meV / A, RMSE_stress=    2.61 meV / A^3
2025-11-06 20:49:07.123 INFO: Epoch 35: head: Default, loss=0.00075245, RMSE_E_per_atom=    0.72 meV, RMSE_F=   12.55 meV / A, RMSE_stress=    2.62 meV / A^3
2025-11-06 20:49:53.509 INFO: Epoch 36: head: Default, loss=0.00074412, RMSE_E_per_atom=    0.91 meV, RMSE_F=   12.45 meV / A, RMSE_stress=    2.62 meV / A^3
2025-11-06 20:50:39.839 INFO: Epoch 37: head: Default, loss=0.00073664, RMSE_E_per_atom=    1.02 meV, RMSE_F=   12.36 meV / A, RMSE_stress=    2.62 meV / A^3
2025-11-06 20:51:26.262 INFO: Epoch 38: head: Default, loss=0.00072981, RMSE_E_per_atom=    1.12 meV, RMSE_F=   12.28 meV / A, RMSE_stress=    2.63 meV / A^3
2025-11-06 20:52:12.562 INFO: Epoch 39: head: Default, loss=0.00072346, RMSE_E_per_atom=    1.19 meV, RMSE_F=   12.20 meV / A, RMSE_stress=    2.63 meV / A^3
2025-11-06 20:52:58.941 INFO: Epoch 40: head: Default, loss=0.00071760, RMSE_E_per_atom=    1.25 meV, RMSE_F=   12.13 meV / A, RMSE_stress=    2.63 meV / A^3
2025-11-06 20:53:45.047 INFO: Epoch 41: head: Default, loss=0.00071207, RMSE_E_per_atom=    1.29 meV, RMSE_F=   12.07 meV / A, RMSE_stress=    2.63 meV / A^3
2025-11-06 20:54:31.449 INFO: Epoch 42: head: Default, loss=0.00070689, RMSE_E_per_atom=    1.27 meV, RMSE_F=   12.00 meV / A, RMSE_stress=    2.63 meV / A^3
2025-11-06 20:55:17.790 INFO: Epoch 43: head: Default, loss=0.00070200, RMSE_E_per_atom=    1.30 meV, RMSE_F=   11.95 meV / A, RMSE_stress=    2.64 meV / A^3
2025-11-06 20:56:03.940 INFO: Epoch 44: head: Default, loss=0.00069745, RMSE_E_per_atom=    1.31 meV, RMSE_F=   11.89 meV / A, RMSE_stress=    2.64 meV / A^3
2025-11-06 20:56:50.315 INFO: Epoch 45: head: Default, loss=0.00069311, RMSE_E_per_atom=    1.29 meV, RMSE_F=   11.84 meV / A, RMSE_stress=    2.64 meV / A^3
2025-11-06 20:57:36.707 INFO: Epoch 46: head: Default, loss=0.00068903, RMSE_E_per_atom=    1.27 meV, RMSE_F=   11.79 meV / A, RMSE_stress=    2.64 meV / A^3
2025-11-06 20:58:22.889 INFO: Epoch 47: head: Default, loss=0.00068508, RMSE_E_per_atom=    1.25 meV, RMSE_F=   11.74 meV / A, RMSE_stress=    2.64 meV / A^3
2025-11-06 20:59:09.019 INFO: Epoch 48: head: Default, loss=0.00068140, RMSE_E_per_atom=    1.24 meV, RMSE_F=   11.70 meV / A, RMSE_stress=    2.64 meV / A^3
2025-11-06 20:59:55.498 INFO: Epoch 49: head: Default, loss=0.00067780, RMSE_E_per_atom=    1.21 meV, RMSE_F=   11.66 meV / A, RMSE_stress=    2.64 meV / A^3
2025-11-06 21:00:41.741 INFO: Epoch 50: head: Default, loss=0.00067437, RMSE_E_per_atom=    1.19 meV, RMSE_F=   11.62 meV / A, RMSE_stress=    2.64 meV / A^3
2025-11-06 21:01:28.535 INFO: Epoch 51: head: Default, loss=0.00067108, RMSE_E_per_atom=    1.20 meV, RMSE_F=   11.58 meV / A, RMSE_stress=    2.64 meV / A^3
2025-11-06 21:02:14.799 INFO: Epoch 52: head: Default, loss=0.00066792, RMSE_E_per_atom=    1.19 meV, RMSE_F=   11.54 meV / A, RMSE_stress=    2.64 meV / A^3
2025-11-06 21:03:01.218 INFO: Epoch 53: head: Default, loss=0.00066475, RMSE_E_per_atom=    1.17 meV, RMSE_F=   11.50 meV / A, RMSE_stress=    2.64 meV / A^3
2025-11-06 21:03:47.602 INFO: Epoch 54: head: Default, loss=0.00066174, RMSE_E_per_atom=    1.16 meV, RMSE_F=   11.47 meV / A, RMSE_stress=    2.64 meV / A^3
2025-11-06 21:04:34.185 INFO: Epoch 55: head: Default, loss=0.00065892, RMSE_E_per_atom=    1.15 meV, RMSE_F=   11.43 meV / A, RMSE_stress=    2.64 meV / A^3
2025-11-06 21:05:20.380 INFO: Epoch 56: head: Default, loss=0.00065615, RMSE_E_per_atom=    1.12 meV, RMSE_F=   11.40 meV / A, RMSE_stress=    2.64 meV / A^3
2025-11-06 21:06:07.181 INFO: Epoch 57: head: Default, loss=0.00065350, RMSE_E_per_atom=    1.11 meV, RMSE_F=   11.37 meV / A, RMSE_stress=    2.64 meV / A^3
2025-11-06 21:06:54.429 INFO: Epoch 58: head: Default, loss=0.00065093, RMSE_E_per_atom=    1.10 meV, RMSE_F=   11.34 meV / A, RMSE_stress=    2.64 meV / A^3
2025-11-06 21:07:42.684 INFO: Epoch 59: head: Default, loss=0.00064843, RMSE_E_per_atom=    1.08 meV, RMSE_F=   11.31 meV / A, RMSE_stress=    2.64 meV / A^3
2025-11-06 21:08:32.488 INFO: Epoch 60: head: Default, loss=0.00064597, RMSE_E_per_atom=    1.06 meV, RMSE_F=   11.28 meV / A, RMSE_stress=    2.64 meV / A^3
2025-11-06 21:09:20.251 INFO: Epoch 61: head: Default, loss=0.00064358, RMSE_E_per_atom=    1.06 meV, RMSE_F=   11.25 meV / A, RMSE_stress=    2.64 meV / A^3
2025-11-06 21:10:07.259 INFO: Epoch 62: head: Default, loss=0.00064121, RMSE_E_per_atom=    1.03 meV, RMSE_F=   11.22 meV / A, RMSE_stress=    2.64 meV / A^3
2025-11-06 21:10:54.233 INFO: Epoch 63: head: Default, loss=0.00063888, RMSE_E_per_atom=    1.05 meV, RMSE_F=   11.19 meV / A, RMSE_stress=    2.64 meV / A^3
2025-11-06 21:11:40.983 INFO: Epoch 64: head: Default, loss=0.00063655, RMSE_E_per_atom=    1.04 meV, RMSE_F=   11.17 meV / A, RMSE_stress=    2.64 meV / A^3
2025-11-06 21:12:28.117 INFO: Epoch 65: head: Default, loss=0.00063435, RMSE_E_per_atom=    1.04 meV, RMSE_F=   11.14 meV / A, RMSE_stress=    2.64 meV / A^3
2025-11-06 21:13:14.291 INFO: Epoch 66: head: Default, loss=0.00063212, RMSE_E_per_atom=    1.04 meV, RMSE_F=   11.11 meV / A, RMSE_stress=    2.64 meV / A^3
2025-11-06 21:14:00.477 INFO: Epoch 67: head: Default, loss=0.00062995, RMSE_E_per_atom=    1.03 meV, RMSE_F=   11.09 meV / A, RMSE_stress=    2.64 meV / A^3
2025-11-06 21:14:46.697 INFO: Epoch 68: head: Default, loss=0.00062783, RMSE_E_per_atom=    1.05 meV, RMSE_F=   11.06 meV / A, RMSE_stress=    2.64 meV / A^3
2025-11-06 21:15:33.028 INFO: Epoch 69: head: Default, loss=0.00062572, RMSE_E_per_atom=    1.05 meV, RMSE_F=   11.04 meV / A, RMSE_stress=    2.64 meV / A^3
2025-11-06 21:16:19.453 INFO: Epoch 70: head: Default, loss=0.00062368, RMSE_E_per_atom=    1.05 meV, RMSE_F=   11.01 meV / A, RMSE_stress=    2.63 meV / A^3
2025-11-06 21:17:05.824 INFO: Epoch 71: head: Default, loss=0.00062164, RMSE_E_per_atom=    1.04 meV, RMSE_F=   10.99 meV / A, RMSE_stress=    2.63 meV / A^3
2025-11-06 21:17:53.114 INFO: Epoch 72: head: Default, loss=0.00061964, RMSE_E_per_atom=    1.05 meV, RMSE_F=   10.96 meV / A, RMSE_stress=    2.63 meV / A^3
2025-11-06 21:18:39.455 INFO: Epoch 73: head: Default, loss=0.00061766, RMSE_E_per_atom=    1.04 meV, RMSE_F=   10.94 meV / A, RMSE_stress=    2.63 meV / A^3
2025-11-06 21:19:25.874 INFO: Epoch 74: head: Default, loss=0.00061574, RMSE_E_per_atom=    1.03 meV, RMSE_F=   10.92 meV / A, RMSE_stress=    2.63 meV / A^3
2025-11-06 21:20:12.666 INFO: Epoch 75: head: Default, loss=0.00061383, RMSE_E_per_atom=    1.03 meV, RMSE_F=   10.89 meV / A, RMSE_stress=    2.63 meV / A^3
2025-11-06 21:20:59.138 INFO: Epoch 76: head: Default, loss=0.00061198, RMSE_E_per_atom=    1.05 meV, RMSE_F=   10.87 meV / A, RMSE_stress=    2.63 meV / A^3
2025-11-06 21:21:45.608 INFO: Epoch 77: head: Default, loss=0.00061016, RMSE_E_per_atom=    1.08 meV, RMSE_F=   10.85 meV / A, RMSE_stress=    2.63 meV / A^3
2025-11-06 21:22:32.025 INFO: Epoch 78: head: Default, loss=0.00060829, RMSE_E_per_atom=    1.09 meV, RMSE_F=   10.83 meV / A, RMSE_stress=    2.63 meV / A^3
2025-11-06 21:23:19.739 INFO: Epoch 79: head: Default, loss=0.00060649, RMSE_E_per_atom=    1.13 meV, RMSE_F=   10.81 meV / A, RMSE_stress=    2.63 meV / A^3
2025-11-06 21:24:07.285 INFO: Epoch 80: head: Default, loss=0.00060474, RMSE_E_per_atom=    1.14 meV, RMSE_F=   10.79 meV / A, RMSE_stress=    2.63 meV / A^3
2025-11-06 21:24:56.882 INFO: Epoch 81: head: Default, loss=0.00060302, RMSE_E_per_atom=    1.16 meV, RMSE_F=   10.76 meV / A, RMSE_stress=    2.62 meV / A^3
2025-11-06 21:25:44.632 INFO: Epoch 82: head: Default, loss=0.00060135, RMSE_E_per_atom=    1.18 meV, RMSE_F=   10.74 meV / A, RMSE_stress=    2.62 meV / A^3
2025-11-06 21:26:32.555 INFO: Epoch 83: head: Default, loss=0.00059971, RMSE_E_per_atom=    1.19 meV, RMSE_F=   10.72 meV / A, RMSE_stress=    2.62 meV / A^3
2025-11-06 21:27:20.440 INFO: Epoch 84: head: Default, loss=0.00059808, RMSE_E_per_atom=    1.21 meV, RMSE_F=   10.71 meV / A, RMSE_stress=    2.62 meV / A^3
2025-11-06 21:27:52.052 INFO: ===========VERIFYING SETTINGS===========
2025-11-06 21:27:52.053 WARNING: All of hidden_irreps, num_channels and max_L are specified
2025-11-06 21:27:52.053 WARNING: Using num_channels and max_L to create hidden_irreps: 128x0e+128x1o.
2025-11-06 21:27:52.053 INFO: Stage Two is activated as start_stage_two was defined
2025-11-06 21:27:52.053 INFO: MACE version: 0.3.14
2025-11-06 21:27:52.083 INFO: CUDA version: 11.8, CUDA device: 0
2025-11-06 21:27:52.120 INFO: ===========LOADING INPUT DATA===========
2025-11-06 21:27:52.121 INFO: Using heads: ['Default']
2025-11-06 21:27:52.121 INFO: Using the key specifications to parse data:
2025-11-06 21:27:52.121 INFO: Default: KeySpecification(info_keys={'energy': 'dft_energy', 'stress': 'stress', 'virials': 'REF_virials', 'dipole': 'dipole', 'head': 'head', 'elec_temp': 'elec_temp', 'total_charge': 'total_charge', 'polarizability': 'polarizability', 'total_spin': 'total_spin'}, arrays_keys={'forces': 'dft_forces', 'charges': 'REF_charges'})
2025-11-06 21:27:52.121 INFO: =============    Processing head Default     ===========
2025-11-06 21:27:52.564 WARNING: Since ASE version 3.23.0b1, using stress_key 'stress' is no longer safe when communicating between MACE and ASE. We recommend using a different key, rewriting 'stress' to 'REF_stress'. You need to use --stress_key='REF_stress' to specify the chosen key name.
2025-11-06 21:27:52.597 INFO: Training set 1/1 [energy: 927, stress: 928, virials: 0, dipole components: 0, head: 928, elec_temp: 0, total_charge: 0, polarizability: 0, total_spin: 0, forces: 927, charges: 0]
2025-11-06 21:27:52.602 INFO: Total Training set [energy: 927, stress: 928, virials: 0, dipole components: 0, head: 928, elec_temp: 0, total_charge: 0, polarizability: 0, total_spin: 0, forces: 927, charges: 0]
2025-11-06 21:27:52.667 WARNING: Since ASE version 3.23.0b1, using stress_key 'stress' is no longer safe when communicating between MACE and ASE. We recommend using a different key, rewriting 'stress' to 'REF_stress'. You need to use --stress_key='REF_stress' to specify the chosen key name.
2025-11-06 21:27:52.671 INFO: Validation set 1/1 [energy: 115, stress: 115, virials: 0, dipole components: 0, head: 115, elec_temp: 0, total_charge: 0, polarizability: 0, total_spin: 0, forces: 115, charges: 0]
2025-11-06 21:27:52.672 INFO: Total Validation set [energy: 115, stress: 115, virials: 0, dipole components: 0, head: 115, elec_temp: 0, total_charge: 0, polarizability: 0, total_spin: 0, forces: 115, charges: 0]
2025-11-06 21:27:52.742 WARNING: Since ASE version 3.23.0b1, using stress_key 'stress' is no longer safe when communicating between MACE and ASE. We recommend using a different key, rewriting 'stress' to 'REF_stress'. You need to use --stress_key='REF_stress' to specify the chosen key name.
2025-11-06 21:27:52.746 INFO: Test set 1/1 [energy: 116, stress: 116, virials: 0, dipole components: 0, head: 116, elec_temp: 0, total_charge: 0, polarizability: 0, total_spin: 0, forces: 116, charges: 0]
2025-11-06 21:27:52.747 INFO: Total Test set [energy: 116, stress: 116, virials: 0, dipole components: 0, head: 116, elec_temp: 0, total_charge: 0, polarizability: 0, total_spin: 0, forces: 116, charges: 0]
2025-11-06 21:27:52.747 INFO: Total number of configurations: train=928, valid=115, tests=[sp_Default: 116],
2025-11-06 21:27:52.748 INFO: Using atomic numbers from command line argument
2025-11-06 21:27:52.748 INFO: Atomic Numbers used: [47]
2025-11-06 21:27:52.748 INFO: Isolated Atomic Energies (E0s) not in training file, using command line argument
2025-11-06 21:27:52.748 INFO: Atomic Energies used (z: eV) for head Default: {47: -2.670131299573519}
2025-11-06 21:27:52.748 INFO: Processing datasets for head 'Default'
2025-11-06 21:27:54.745 INFO: Combining 1 list datasets for head 'Default'
2025-11-06 21:27:54.992 INFO: Combining 1 list datasets for head 'Default_valid'
2025-11-06 21:27:54.992 INFO: Combined validation datasets for Default
2025-11-06 21:27:54.992 INFO: Head 'Default' training dataset size: 928
2025-11-06 21:27:54.993 INFO: Computing average number of neighbors
2025-11-06 21:28:00.108 INFO: Average number of neighbors: 49.59964750748287
2025-11-06 21:28:00.108 INFO: HEADS used: ['Default']
2025-11-06 21:28:00.108 INFO: During training the following quantities will be reported: energy, forces, stress
2025-11-06 21:28:00.108 INFO: ===========MODEL DETAILS===========
2025-11-06 21:28:02.991 INFO: Building model
2025-11-06 21:28:02.992 INFO: Message passing with 128 channels and max_L=1 (128x0e+128x1o)
2025-11-06 21:28:02.993 INFO: 2 layers, each with correlation order: 2 (body order: 3) and spherical harmonics up to: l=3
2025-11-06 21:28:02.993 INFO: 8 radial and 5 basis functions
2025-11-06 21:28:02.994 INFO: Radial cutoff: 6.0 A (total receptive field for each atom: 12.0 A)
2025-11-06 21:28:02.994 INFO: Distance transform for radial basis functions: Agnesi
2025-11-06 21:28:02.995 INFO: Hidden irreps: 128x0e+128x1o
2025-11-06 21:28:02.996 INFO: Retrying ScaleShiftMACE without extra kwargs due to: MACE.__init__() got an unexpected keyword argument 'node_mlp_factory'
2025-11-06 21:28:03.782 INFO: Total number of parameters: 546192
2025-11-06 21:28:03.782 INFO: 
2025-11-06 21:28:03.782 INFO: ===========OPTIMIZER INFORMATION===========
2025-11-06 21:28:03.782 INFO: Using ADAM as parameter optimizer
2025-11-06 21:28:03.782 INFO: Batch size: 4
2025-11-06 21:28:03.783 INFO: Using Exponential Moving Average with decay: 0.99999
2025-11-06 21:28:03.783 INFO: Number of gradient updates: 23200
2025-11-06 21:28:03.783 INFO: Learning rate: 0.008, weight decay: 1e-08
2025-11-06 21:28:03.783 INFO: UniversalLoss(energy_weight=1.000, forces_weight=10.000, stress_weight=10.000)
2025-11-06 21:28:03.784 INFO: Stage Two (after 30 epochs) with loss function: UniversalLoss(energy_weight=1.000, forces_weight=50.000, stress_weight=10.000), with energy weight : 1.0, forces weight : 50.0, stress weight : 10.0 and learning rate : 0.001
2025-11-06 21:28:04.183 INFO: Using gradient clipping with tolerance=100.000
2025-11-06 21:28:04.183 INFO: 
2025-11-06 21:28:04.183 INFO: ===========TRAINING===========
2025-11-06 21:28:04.183 INFO: ===========MIXER CONFIG===========
2025-11-06 21:28:04.183 INFO: Readout: NonLinearReadoutBlock  [kan=OFF | kaf=OFF | libra=OFF]
2025-11-06 21:28:04.183 INFO: Interaction MLPs: node_librakan=OFF, edge_librakan=OFF
2025-11-06 21:28:04.184 INFO: ==================================
2025-11-06 21:28:04.184 INFO: Started training, reporting errors on validation set
2025-11-06 21:28:04.184 INFO: Loss metrics on validation set
2025-11-06 21:28:15.191 INFO: Initial: head: Default, loss=0.01546474, RMSE_E_per_atom=  249.86 meV, RMSE_F=  762.49 meV / A, RMSE_stress=    3.13 meV / A^3
2025-11-06 21:29:13.553 INFO: Epoch 0: head: Default, loss=0.00197745, RMSE_E_per_atom=   10.01 meV, RMSE_F=  116.63 meV / A, RMSE_stress=    2.44 meV / A^3
2025-11-06 21:30:00.421 INFO: Epoch 1: head: Default, loss=0.00070256, RMSE_E_per_atom=    1.91 meV, RMSE_F=   43.53 meV / A, RMSE_stress=    2.59 meV / A^3
2025-11-06 21:30:46.943 INFO: Epoch 2: head: Default, loss=0.00045828, RMSE_E_per_atom=    1.35 meV, RMSE_F=   29.26 meV / A, RMSE_stress=    2.64 meV / A^3
2025-11-06 21:31:33.697 INFO: Epoch 3: head: Default, loss=0.00040451, RMSE_E_per_atom=    0.50 meV, RMSE_F=   26.33 meV / A, RMSE_stress=    2.64 meV / A^3
2025-11-06 21:32:20.193 INFO: Epoch 4: head: Default, loss=0.00035935, RMSE_E_per_atom=    0.54 meV, RMSE_F=   23.79 meV / A, RMSE_stress=    2.65 meV / A^3
2025-11-06 21:33:06.836 INFO: Epoch 5: head: Default, loss=0.00032944, RMSE_E_per_atom=    1.76 meV, RMSE_F=   22.09 meV / A, RMSE_stress=    2.64 meV / A^3
2025-11-06 21:33:53.443 INFO: Epoch 6: head: Default, loss=0.00031745, RMSE_E_per_atom=    2.53 meV, RMSE_F=   21.46 meV / A, RMSE_stress=    2.63 meV / A^3
2025-11-06 21:34:39.563 INFO: Epoch 7: head: Default, loss=0.00029448, RMSE_E_per_atom=    0.31 meV, RMSE_F=   20.22 meV / A, RMSE_stress=    2.62 meV / A^3
2025-11-06 21:35:26.327 INFO: Epoch 8: head: Default, loss=0.00027994, RMSE_E_per_atom=    0.77 meV, RMSE_F=   19.45 meV / A, RMSE_stress=    2.62 meV / A^3
2025-11-06 21:36:12.874 INFO: Epoch 9: head: Default, loss=0.00026659, RMSE_E_per_atom=    2.87 meV, RMSE_F=   18.70 meV / A, RMSE_stress=    2.60 meV / A^3
2025-11-06 21:36:59.124 INFO: Epoch 10: head: Default, loss=0.00025854, RMSE_E_per_atom=    2.06 meV, RMSE_F=   18.33 meV / A, RMSE_stress=    2.60 meV / A^3
2025-11-06 21:37:45.921 INFO: Epoch 11: head: Default, loss=0.00024842, RMSE_E_per_atom=    1.74 meV, RMSE_F=   17.78 meV / A, RMSE_stress=    2.59 meV / A^3
2025-11-06 21:38:32.361 INFO: Epoch 12: head: Default, loss=0.00023726, RMSE_E_per_atom=    0.88 meV, RMSE_F=   17.17 meV / A, RMSE_stress=    2.59 meV / A^3
2025-11-06 21:39:18.923 INFO: Epoch 13: head: Default, loss=0.00022991, RMSE_E_per_atom=    1.71 meV, RMSE_F=   16.74 meV / A, RMSE_stress=    2.59 meV / A^3
2025-11-06 21:40:05.762 INFO: Epoch 14: head: Default, loss=0.00022423, RMSE_E_per_atom=    2.40 meV, RMSE_F=   16.42 meV / A, RMSE_stress=    2.59 meV / A^3
2025-11-06 21:40:52.375 INFO: Epoch 15: head: Default, loss=0.00021850, RMSE_E_per_atom=    1.87 meV, RMSE_F=   16.11 meV / A, RMSE_stress=    2.59 meV / A^3
2025-11-06 21:41:38.734 INFO: Epoch 16: head: Default, loss=0.00021304, RMSE_E_per_atom=    1.52 meV, RMSE_F=   15.80 meV / A, RMSE_stress=    2.59 meV / A^3
2025-11-06 21:42:25.371 INFO: Epoch 17: head: Default, loss=0.00020772, RMSE_E_per_atom=    0.83 meV, RMSE_F=   15.51 meV / A, RMSE_stress=    2.59 meV / A^3
2025-11-06 21:43:11.788 INFO: Epoch 18: head: Default, loss=0.00020304, RMSE_E_per_atom=    0.77 meV, RMSE_F=   15.24 meV / A, RMSE_stress=    2.59 meV / A^3
2025-11-06 21:43:58.292 INFO: Epoch 19: head: Default, loss=0.00019900, RMSE_E_per_atom=    0.94 meV, RMSE_F=   15.01 meV / A, RMSE_stress=    2.58 meV / A^3
2025-11-06 21:44:44.807 INFO: Epoch 20: head: Default, loss=0.00019555, RMSE_E_per_atom=    0.69 meV, RMSE_F=   14.82 meV / A, RMSE_stress=    2.58 meV / A^3
2025-11-06 21:45:31.139 INFO: Epoch 21: head: Default, loss=0.00019313, RMSE_E_per_atom=    0.51 meV, RMSE_F=   14.70 meV / A, RMSE_stress=    2.58 meV / A^3
2025-11-06 21:46:17.555 INFO: Epoch 22: head: Default, loss=0.00019042, RMSE_E_per_atom=    0.34 meV, RMSE_F=   14.55 meV / A, RMSE_stress=    2.58 meV / A^3
2025-11-06 21:47:03.680 INFO: Epoch 23: head: Default, loss=0.00018754, RMSE_E_per_atom=    0.27 meV, RMSE_F=   14.38 meV / A, RMSE_stress=    2.58 meV / A^3
2025-11-06 21:47:49.955 INFO: Epoch 24: head: Default, loss=0.00018518, RMSE_E_per_atom=    0.22 meV, RMSE_F=   14.24 meV / A, RMSE_stress=    2.58 meV / A^3
2025-11-06 21:48:36.289 INFO: Epoch 25: head: Default, loss=0.00018222, RMSE_E_per_atom=    0.21 meV, RMSE_F=   14.07 meV / A, RMSE_stress=    2.58 meV / A^3
2025-11-06 21:49:22.499 INFO: Epoch 26: head: Default, loss=0.00017925, RMSE_E_per_atom=    0.21 meV, RMSE_F=   13.89 meV / A, RMSE_stress=    2.58 meV / A^3
2025-11-06 21:50:09.155 INFO: Epoch 27: head: Default, loss=0.00017759, RMSE_E_per_atom=    0.36 meV, RMSE_F=   13.80 meV / A, RMSE_stress=    2.58 meV / A^3
2025-11-06 21:50:55.649 INFO: Epoch 28: head: Default, loss=0.00017549, RMSE_E_per_atom=    0.32 meV, RMSE_F=   13.68 meV / A, RMSE_stress=    2.58 meV / A^3
2025-11-06 21:51:42.243 INFO: Epoch 29: head: Default, loss=0.00017364, RMSE_E_per_atom=    0.33 meV, RMSE_F=   13.57 meV / A, RMSE_stress=    2.58 meV / A^3
2025-11-06 21:51:42.555 INFO: Changing loss based on Stage Two Weights
2025-11-06 21:52:28.844 INFO: Epoch 30: head: Default, loss=0.00081728, RMSE_E_per_atom=    0.21 meV, RMSE_F=   13.35 meV / A, RMSE_stress=    2.58 meV / A^3
2025-11-06 21:53:15.481 INFO: Epoch 31: head: Default, loss=0.00079952, RMSE_E_per_atom=    0.23 meV, RMSE_F=   13.13 meV / A, RMSE_stress=    2.59 meV / A^3
2025-11-06 21:54:01.927 INFO: Epoch 32: head: Default, loss=0.00078510, RMSE_E_per_atom=    0.36 meV, RMSE_F=   12.95 meV / A, RMSE_stress=    2.60 meV / A^3
2025-11-06 21:54:48.183 INFO: Epoch 33: head: Default, loss=0.00077275, RMSE_E_per_atom=    0.60 meV, RMSE_F=   12.80 meV / A, RMSE_stress=    2.61 meV / A^3
2025-11-06 21:55:34.600 INFO: Epoch 34: head: Default, loss=0.00076223, RMSE_E_per_atom=    0.81 meV, RMSE_F=   12.67 meV / A, RMSE_stress=    2.62 meV / A^3
2025-11-06 21:56:20.899 INFO: Epoch 35: head: Default, loss=0.00075302, RMSE_E_per_atom=    0.97 meV, RMSE_F=   12.55 meV / A, RMSE_stress=    2.62 meV / A^3
2025-11-06 21:57:07.237 INFO: Epoch 36: head: Default, loss=0.00074479, RMSE_E_per_atom=    1.16 meV, RMSE_F=   12.45 meV / A, RMSE_stress=    2.63 meV / A^3
2025-11-06 21:57:53.622 INFO: Epoch 37: head: Default, loss=0.00073738, RMSE_E_per_atom=    1.27 meV, RMSE_F=   12.36 meV / A, RMSE_stress=    2.63 meV / A^3
2025-11-06 21:58:40.340 INFO: Epoch 38: head: Default, loss=0.00073060, RMSE_E_per_atom=    1.35 meV, RMSE_F=   12.28 meV / A, RMSE_stress=    2.63 meV / A^3
2025-11-06 21:59:26.812 INFO: Epoch 39: head: Default, loss=0.00072428, RMSE_E_per_atom=    1.40 meV, RMSE_F=   12.20 meV / A, RMSE_stress=    2.64 meV / A^3
2025-11-06 22:00:12.954 INFO: Epoch 40: head: Default, loss=0.00071844, RMSE_E_per_atom=    1.42 meV, RMSE_F=   12.13 meV / A, RMSE_stress=    2.64 meV / A^3
2025-11-06 22:00:59.318 INFO: Epoch 41: head: Default, loss=0.00071294, RMSE_E_per_atom=    1.43 meV, RMSE_F=   12.07 meV / A, RMSE_stress=    2.64 meV / A^3
2025-11-06 22:01:45.626 INFO: Epoch 42: head: Default, loss=0.00070780, RMSE_E_per_atom=    1.40 meV, RMSE_F=   12.01 meV / A, RMSE_stress=    2.64 meV / A^3
2025-11-06 22:02:31.906 INFO: Epoch 43: head: Default, loss=0.00070295, RMSE_E_per_atom=    1.40 meV, RMSE_F=   11.95 meV / A, RMSE_stress=    2.64 meV / A^3
2025-11-06 22:03:18.569 INFO: Epoch 44: head: Default, loss=0.00069843, RMSE_E_per_atom=    1.39 meV, RMSE_F=   11.89 meV / A, RMSE_stress=    2.64 meV / A^3
2025-11-06 22:04:04.835 INFO: Epoch 45: head: Default, loss=0.00069412, RMSE_E_per_atom=    1.35 meV, RMSE_F=   11.84 meV / A, RMSE_stress=    2.64 meV / A^3
2025-11-06 22:04:51.039 INFO: Epoch 46: head: Default, loss=0.00069005, RMSE_E_per_atom=    1.32 meV, RMSE_F=   11.80 meV / A, RMSE_stress=    2.65 meV / A^3
2025-11-06 22:05:37.352 INFO: Epoch 47: head: Default, loss=0.00068610, RMSE_E_per_atom=    1.28 meV, RMSE_F=   11.75 meV / A, RMSE_stress=    2.64 meV / A^3
2025-11-06 22:06:23.869 INFO: Epoch 48: head: Default, loss=0.00068244, RMSE_E_per_atom=    1.26 meV, RMSE_F=   11.71 meV / A, RMSE_stress=    2.64 meV / A^3
2025-11-06 22:07:10.071 INFO: Epoch 49: head: Default, loss=0.00067886, RMSE_E_per_atom=    1.23 meV, RMSE_F=   11.66 meV / A, RMSE_stress=    2.64 meV / A^3
2025-11-06 22:07:56.293 INFO: Epoch 50: head: Default, loss=0.00067544, RMSE_E_per_atom=    1.20 meV, RMSE_F=   11.62 meV / A, RMSE_stress=    2.64 meV / A^3
2025-11-06 22:08:42.691 INFO: Epoch 51: head: Default, loss=0.00067215, RMSE_E_per_atom=    1.19 meV, RMSE_F=   11.58 meV / A, RMSE_stress=    2.64 meV / A^3
2025-11-06 22:09:28.887 INFO: Epoch 52: head: Default, loss=0.00066900, RMSE_E_per_atom=    1.17 meV, RMSE_F=   11.55 meV / A, RMSE_stress=    2.64 meV / A^3
2025-11-06 22:10:15.283 INFO: Epoch 53: head: Default, loss=0.00066584, RMSE_E_per_atom=    1.14 meV, RMSE_F=   11.51 meV / A, RMSE_stress=    2.64 meV / A^3
2025-11-06 22:11:01.461 INFO: Epoch 54: head: Default, loss=0.00066283, RMSE_E_per_atom=    1.12 meV, RMSE_F=   11.47 meV / A, RMSE_stress=    2.64 meV / A^3
2025-11-06 22:11:48.080 INFO: Epoch 55: head: Default, loss=0.00066002, RMSE_E_per_atom=    1.10 meV, RMSE_F=   11.44 meV / A, RMSE_stress=    2.64 meV / A^3
2025-11-06 22:12:34.592 INFO: Epoch 56: head: Default, loss=0.00065727, RMSE_E_per_atom=    1.07 meV, RMSE_F=   11.41 meV / A, RMSE_stress=    2.64 meV / A^3
2025-11-06 22:13:20.829 INFO: Epoch 57: head: Default, loss=0.00065463, RMSE_E_per_atom=    1.06 meV, RMSE_F=   11.38 meV / A, RMSE_stress=    2.64 meV / A^3
2025-11-06 22:14:07.164 INFO: Epoch 58: head: Default, loss=0.00065207, RMSE_E_per_atom=    1.04 meV, RMSE_F=   11.35 meV / A, RMSE_stress=    2.64 meV / A^3
2025-11-06 22:14:53.283 INFO: Epoch 59: head: Default, loss=0.00064957, RMSE_E_per_atom=    1.02 meV, RMSE_F=   11.32 meV / A, RMSE_stress=    2.64 meV / A^3
2025-11-06 22:15:39.501 INFO: Epoch 60: head: Default, loss=0.00064713, RMSE_E_per_atom=    1.00 meV, RMSE_F=   11.29 meV / A, RMSE_stress=    2.64 meV / A^3
2025-11-06 22:16:25.730 INFO: Epoch 61: head: Default, loss=0.00064473, RMSE_E_per_atom=    1.00 meV, RMSE_F=   11.26 meV / A, RMSE_stress=    2.64 meV / A^3
2025-11-06 22:17:11.860 INFO: Epoch 62: head: Default, loss=0.00064236, RMSE_E_per_atom=    0.98 meV, RMSE_F=   11.23 meV / A, RMSE_stress=    2.64 meV / A^3
2025-11-06 22:17:58.061 INFO: Epoch 63: head: Default, loss=0.00064003, RMSE_E_per_atom=    0.99 meV, RMSE_F=   11.20 meV / A, RMSE_stress=    2.64 meV / A^3
2025-11-06 22:18:44.367 INFO: Epoch 64: head: Default, loss=0.00063770, RMSE_E_per_atom=    0.99 meV, RMSE_F=   11.18 meV / A, RMSE_stress=    2.63 meV / A^3
2025-11-06 22:19:30.481 INFO: Epoch 65: head: Default, loss=0.00063548, RMSE_E_per_atom=    1.00 meV, RMSE_F=   11.15 meV / A, RMSE_stress=    2.63 meV / A^3
2025-11-06 22:20:16.739 INFO: Epoch 66: head: Default, loss=0.00063327, RMSE_E_per_atom=    0.99 meV, RMSE_F=   11.12 meV / A, RMSE_stress=    2.63 meV / A^3
2025-11-06 22:21:02.865 INFO: Epoch 67: head: Default, loss=0.00063110, RMSE_E_per_atom=    0.99 meV, RMSE_F=   11.10 meV / A, RMSE_stress=    2.63 meV / A^3
2025-11-06 22:21:49.127 INFO: Epoch 68: head: Default, loss=0.00062899, RMSE_E_per_atom=    0.99 meV, RMSE_F=   11.07 meV / A, RMSE_stress=    2.63 meV / A^3
2025-11-06 22:22:35.372 INFO: Epoch 69: head: Default, loss=0.00062686, RMSE_E_per_atom=    0.98 meV, RMSE_F=   11.05 meV / A, RMSE_stress=    2.63 meV / A^3
2025-11-06 22:23:21.745 INFO: Epoch 70: head: Default, loss=0.00062483, RMSE_E_per_atom=    0.98 meV, RMSE_F=   11.02 meV / A, RMSE_stress=    2.63 meV / A^3
2025-11-06 22:24:07.963 INFO: Epoch 71: head: Default, loss=0.00062280, RMSE_E_per_atom=    0.97 meV, RMSE_F=   11.00 meV / A, RMSE_stress=    2.63 meV / A^3
2025-11-06 22:24:54.187 INFO: Epoch 72: head: Default, loss=0.00062079, RMSE_E_per_atom=    0.98 meV, RMSE_F=   10.97 meV / A, RMSE_stress=    2.63 meV / A^3
2025-11-06 22:25:40.522 INFO: Epoch 73: head: Default, loss=0.00061884, RMSE_E_per_atom=    0.98 meV, RMSE_F=   10.95 meV / A, RMSE_stress=    2.63 meV / A^3
2025-11-06 22:26:26.739 INFO: Epoch 74: head: Default, loss=0.00061696, RMSE_E_per_atom=    0.96 meV, RMSE_F=   10.93 meV / A, RMSE_stress=    2.63 meV / A^3
2025-11-06 22:27:12.989 INFO: Epoch 75: head: Default, loss=0.00061513, RMSE_E_per_atom=    0.97 meV, RMSE_F=   10.91 meV / A, RMSE_stress=    2.62 meV / A^3
2025-11-06 22:27:59.207 INFO: Epoch 76: head: Default, loss=0.00061331, RMSE_E_per_atom=    0.95 meV, RMSE_F=   10.89 meV / A, RMSE_stress=    2.62 meV / A^3
2025-11-06 22:28:45.345 INFO: Epoch 77: head: Default, loss=0.00061153, RMSE_E_per_atom=    0.96 meV, RMSE_F=   10.86 meV / A, RMSE_stress=    2.62 meV / A^3
2025-11-06 22:29:31.707 INFO: Epoch 78: head: Default, loss=0.00060972, RMSE_E_per_atom=    0.95 meV, RMSE_F=   10.84 meV / A, RMSE_stress=    2.62 meV / A^3
2025-11-06 22:30:18.830 INFO: Epoch 79: head: Default, loss=0.00060797, RMSE_E_per_atom=    0.97 meV, RMSE_F=   10.82 meV / A, RMSE_stress=    2.62 meV / A^3
2025-11-06 22:31:07.496 INFO: Epoch 80: head: Default, loss=0.00060627, RMSE_E_per_atom=    0.99 meV, RMSE_F=   10.80 meV / A, RMSE_stress=    2.62 meV / A^3
2025-11-06 22:31:53.740 INFO: Epoch 81: head: Default, loss=0.00060460, RMSE_E_per_atom=    0.98 meV, RMSE_F=   10.78 meV / A, RMSE_stress=    2.62 meV / A^3
2025-11-06 22:32:40.138 INFO: Epoch 82: head: Default, loss=0.00060298, RMSE_E_per_atom=    0.98 meV, RMSE_F=   10.76 meV / A, RMSE_stress=    2.62 meV / A^3
2025-11-06 22:33:27.033 INFO: Epoch 83: head: Default, loss=0.00060137, RMSE_E_per_atom=    0.98 meV, RMSE_F=   10.74 meV / A, RMSE_stress=    2.62 meV / A^3
2025-11-07 11:07:56.526 INFO: ===========VERIFYING SETTINGS===========
2025-11-07 11:07:56.526 WARNING: All of hidden_irreps, num_channels and max_L are specified
2025-11-07 11:07:56.526 WARNING: Using num_channels and max_L to create hidden_irreps: 128x0e+128x1o.
2025-11-07 11:07:56.526 INFO: Stage Two is activated as start_stage_two was defined
2025-11-07 11:07:56.527 INFO: MACE version: 0.3.14
2025-11-07 11:07:56.561 INFO: CUDA version: 11.8, CUDA device: 0
2025-11-07 11:07:56.599 INFO: ===========LOADING INPUT DATA===========
2025-11-07 11:07:56.599 INFO: Using heads: ['Default']
2025-11-07 11:07:56.599 INFO: Using the key specifications to parse data:
2025-11-07 11:07:56.599 INFO: Default: KeySpecification(info_keys={'energy': 'dft_energy', 'stress': 'stress', 'virials': 'REF_virials', 'dipole': 'dipole', 'head': 'head', 'elec_temp': 'elec_temp', 'total_charge': 'total_charge', 'polarizability': 'polarizability', 'total_spin': 'total_spin'}, arrays_keys={'forces': 'dft_forces', 'charges': 'REF_charges'})
2025-11-07 11:07:56.599 INFO: =============    Processing head Default     ===========
2025-11-07 11:07:57.045 WARNING: Since ASE version 3.23.0b1, using stress_key 'stress' is no longer safe when communicating between MACE and ASE. We recommend using a different key, rewriting 'stress' to 'REF_stress'. You need to use --stress_key='REF_stress' to specify the chosen key name.
2025-11-07 11:07:57.079 INFO: Training set 1/1 [energy: 927, stress: 928, virials: 0, dipole components: 0, head: 928, elec_temp: 0, total_charge: 0, polarizability: 0, total_spin: 0, forces: 927, charges: 0]
2025-11-07 11:07:57.084 INFO: Total Training set [energy: 927, stress: 928, virials: 0, dipole components: 0, head: 928, elec_temp: 0, total_charge: 0, polarizability: 0, total_spin: 0, forces: 927, charges: 0]
2025-11-07 11:07:57.153 WARNING: Since ASE version 3.23.0b1, using stress_key 'stress' is no longer safe when communicating between MACE and ASE. We recommend using a different key, rewriting 'stress' to 'REF_stress'. You need to use --stress_key='REF_stress' to specify the chosen key name.
2025-11-07 11:07:57.158 INFO: Validation set 1/1 [energy: 115, stress: 115, virials: 0, dipole components: 0, head: 115, elec_temp: 0, total_charge: 0, polarizability: 0, total_spin: 0, forces: 115, charges: 0]
2025-11-07 11:07:57.159 INFO: Total Validation set [energy: 115, stress: 115, virials: 0, dipole components: 0, head: 115, elec_temp: 0, total_charge: 0, polarizability: 0, total_spin: 0, forces: 115, charges: 0]
2025-11-07 11:07:57.228 WARNING: Since ASE version 3.23.0b1, using stress_key 'stress' is no longer safe when communicating between MACE and ASE. We recommend using a different key, rewriting 'stress' to 'REF_stress'. You need to use --stress_key='REF_stress' to specify the chosen key name.
2025-11-07 11:07:57.233 INFO: Test set 1/1 [energy: 116, stress: 116, virials: 0, dipole components: 0, head: 116, elec_temp: 0, total_charge: 0, polarizability: 0, total_spin: 0, forces: 116, charges: 0]
2025-11-07 11:07:57.234 INFO: Total Test set [energy: 116, stress: 116, virials: 0, dipole components: 0, head: 116, elec_temp: 0, total_charge: 0, polarizability: 0, total_spin: 0, forces: 116, charges: 0]
2025-11-07 11:07:57.234 INFO: Total number of configurations: train=928, valid=115, tests=[sp_Default: 116],
2025-11-07 11:07:57.234 INFO: Using atomic numbers from command line argument
2025-11-07 11:07:57.234 INFO: Atomic Numbers used: [47]
2025-11-07 11:07:57.234 INFO: Isolated Atomic Energies (E0s) not in training file, using command line argument
2025-11-07 11:07:57.234 INFO: Atomic Energies used (z: eV) for head Default: {47: -2.670131299573519}
2025-11-07 11:07:57.234 INFO: Processing datasets for head 'Default'
2025-11-07 11:07:59.278 INFO: Combining 1 list datasets for head 'Default'
2025-11-07 11:07:59.531 INFO: Combining 1 list datasets for head 'Default_valid'
2025-11-07 11:07:59.531 INFO: Combined validation datasets for Default
2025-11-07 11:07:59.531 INFO: Head 'Default' training dataset size: 928
2025-11-07 11:07:59.532 INFO: Computing average number of neighbors
2025-11-07 11:08:04.426 INFO: Average number of neighbors: 49.59964750748287
2025-11-07 11:08:04.427 INFO: HEADS used: ['Default']
2025-11-07 11:08:04.427 INFO: During training the following quantities will be reported: energy, forces, stress
2025-11-07 11:08:04.427 INFO: ===========MODEL DETAILS===========
2025-11-07 11:08:07.345 INFO: Building model
2025-11-07 11:08:07.345 INFO: Message passing with 128 channels and max_L=1 (128x0e+128x1o)
2025-11-07 11:08:07.346 INFO: 2 layers, each with correlation order: 2 (body order: 3) and spherical harmonics up to: l=3
2025-11-07 11:08:07.346 INFO: 8 radial and 5 basis functions
2025-11-07 11:08:07.346 INFO: Radial cutoff: 6.0 A (total receptive field for each atom: 12.0 A)
2025-11-07 11:08:07.346 INFO: Distance transform for radial basis functions: Agnesi
2025-11-07 11:08:07.346 INFO: Hidden irreps: 128x0e+128x1o
2025-11-07 11:08:07.347 INFO: Retrying ScaleShiftMACE without extra kwargs due to: MACE.__init__() got an unexpected keyword argument 'node_mlp_factory'
2025-11-07 11:08:08.136 INFO: Total number of parameters: 546192
2025-11-07 11:08:08.137 INFO: 
2025-11-07 11:08:08.137 INFO: ===========OPTIMIZER INFORMATION===========
2025-11-07 11:08:08.137 INFO: Using ADAM as parameter optimizer
2025-11-07 11:08:08.137 INFO: Batch size: 4
2025-11-07 11:08:08.137 INFO: Using Exponential Moving Average with decay: 0.99999
2025-11-07 11:08:08.137 INFO: Number of gradient updates: 23200
2025-11-07 11:08:08.137 INFO: Learning rate: 0.008, weight decay: 1e-08
2025-11-07 11:08:08.137 INFO: UniversalLoss(energy_weight=1.000, forces_weight=10.000, stress_weight=10.000)
2025-11-07 11:08:08.138 INFO: Stage Two (after 30 epochs) with loss function: UniversalLoss(energy_weight=1.000, forces_weight=50.000, stress_weight=10.000), with energy weight : 1.0, forces weight : 50.0, stress weight : 10.0 and learning rate : 0.001
2025-11-07 11:08:08.237 INFO: Using gradient clipping with tolerance=100.000
2025-11-07 11:08:08.237 INFO: 
2025-11-07 11:08:08.237 INFO: ===========TRAINING===========
2025-11-07 11:08:08.237 INFO: ===========MIXER CONFIG===========
2025-11-07 11:08:08.237 INFO: Readout: NonLinearReadoutBlock  [kan=OFF | kaf=OFF | libra=OFF]
2025-11-07 11:08:08.237 INFO: Interaction MLPs: node_librakan=OFF, edge_librakan=OFF
2025-11-07 11:08:08.237 INFO: ==================================
2025-11-07 11:08:08.237 INFO: Started training, reporting errors on validation set
2025-11-07 11:08:08.237 INFO: Loss metrics on validation set
2025-11-07 11:08:19.226 INFO: Initial: head: Default, loss=0.01546474, RMSE_E_per_atom=  249.86 meV, RMSE_F=  762.49 meV / A, RMSE_stress=    3.13 meV / A^3
2025-11-07 11:09:17.875 INFO: Epoch 0: head: Default, loss=0.00197745, RMSE_E_per_atom=   10.01 meV, RMSE_F=  116.63 meV / A, RMSE_stress=    2.44 meV / A^3
2025-11-07 11:10:04.905 INFO: Epoch 1: head: Default, loss=0.00071699, RMSE_E_per_atom=    7.80 meV, RMSE_F=   43.99 meV / A, RMSE_stress=    2.58 meV / A^3
2025-11-07 11:10:51.421 INFO: Epoch 2: head: Default, loss=0.00044818, RMSE_E_per_atom=    3.00 meV, RMSE_F=   28.57 meV / A, RMSE_stress=    2.64 meV / A^3
2025-11-07 11:11:37.630 INFO: Epoch 3: head: Default, loss=0.00038235, RMSE_E_per_atom=    0.45 meV, RMSE_F=   25.05 meV / A, RMSE_stress=    2.65 meV / A^3
2025-11-07 11:12:23.796 INFO: Epoch 4: head: Default, loss=0.00035409, RMSE_E_per_atom=    0.92 meV, RMSE_F=   23.52 meV / A, RMSE_stress=    2.66 meV / A^3
2025-11-07 11:13:10.574 INFO: Epoch 5: head: Default, loss=0.00032891, RMSE_E_per_atom=    2.33 meV, RMSE_F=   22.04 meV / A, RMSE_stress=    2.65 meV / A^3
2025-11-07 11:13:56.789 INFO: Epoch 6: head: Default, loss=0.00032064, RMSE_E_per_atom=    3.85 meV, RMSE_F=   21.61 meV / A, RMSE_stress=    2.63 meV / A^3
2025-11-07 11:14:43.271 INFO: Epoch 7: head: Default, loss=0.00030161, RMSE_E_per_atom=    0.64 meV, RMSE_F=   20.65 meV / A, RMSE_stress=    2.62 meV / A^3
2025-11-07 11:15:29.745 INFO: Epoch 8: head: Default, loss=0.00028179, RMSE_E_per_atom=    2.03 meV, RMSE_F=   19.52 meV / A, RMSE_stress=    2.62 meV / A^3
2025-11-07 11:16:15.767 INFO: Epoch 9: head: Default, loss=0.00026759, RMSE_E_per_atom=    2.18 meV, RMSE_F=   18.76 meV / A, RMSE_stress=    2.61 meV / A^3
2025-11-07 11:17:03.585 INFO: Epoch 10: head: Default, loss=0.00025260, RMSE_E_per_atom=    1.12 meV, RMSE_F=   17.97 meV / A, RMSE_stress=    2.60 meV / A^3
2025-11-07 11:17:38.323 INFO: ===========VERIFYING SETTINGS===========
2025-11-07 11:17:38.323 WARNING: All of hidden_irreps, num_channels and max_L are specified
2025-11-07 11:17:38.323 WARNING: Using num_channels and max_L to create hidden_irreps: 128x0e+128x1o.
2025-11-07 11:17:38.323 INFO: Stage Two is activated as start_stage_two was defined
2025-11-07 11:17:38.323 INFO: MACE version: 0.3.14
2025-11-07 11:17:38.352 INFO: CUDA version: 11.8, CUDA device: 0
2025-11-07 11:17:38.388 INFO: ===========LOADING INPUT DATA===========
2025-11-07 11:17:38.388 INFO: Using heads: ['Default']
2025-11-07 11:17:38.388 INFO: Using the key specifications to parse data:
2025-11-07 11:17:38.388 INFO: Default: KeySpecification(info_keys={'energy': 'dft_energy', 'stress': 'stress', 'virials': 'REF_virials', 'dipole': 'dipole', 'head': 'head', 'elec_temp': 'elec_temp', 'total_charge': 'total_charge', 'polarizability': 'polarizability', 'total_spin': 'total_spin'}, arrays_keys={'forces': 'dft_forces', 'charges': 'REF_charges'})
2025-11-07 11:17:38.388 INFO: =============    Processing head Default     ===========
2025-11-07 11:17:38.835 WARNING: Since ASE version 3.23.0b1, using stress_key 'stress' is no longer safe when communicating between MACE and ASE. We recommend using a different key, rewriting 'stress' to 'REF_stress'. You need to use --stress_key='REF_stress' to specify the chosen key name.
2025-11-07 11:17:38.868 INFO: Training set 1/1 [energy: 927, stress: 928, virials: 0, dipole components: 0, head: 928, elec_temp: 0, total_charge: 0, polarizability: 0, total_spin: 0, forces: 927, charges: 0]
2025-11-07 11:17:38.872 INFO: Total Training set [energy: 927, stress: 928, virials: 0, dipole components: 0, head: 928, elec_temp: 0, total_charge: 0, polarizability: 0, total_spin: 0, forces: 927, charges: 0]
2025-11-07 11:17:38.941 WARNING: Since ASE version 3.23.0b1, using stress_key 'stress' is no longer safe when communicating between MACE and ASE. We recommend using a different key, rewriting 'stress' to 'REF_stress'. You need to use --stress_key='REF_stress' to specify the chosen key name.
2025-11-07 11:17:38.946 INFO: Validation set 1/1 [energy: 115, stress: 115, virials: 0, dipole components: 0, head: 115, elec_temp: 0, total_charge: 0, polarizability: 0, total_spin: 0, forces: 115, charges: 0]
2025-11-07 11:17:38.947 INFO: Total Validation set [energy: 115, stress: 115, virials: 0, dipole components: 0, head: 115, elec_temp: 0, total_charge: 0, polarizability: 0, total_spin: 0, forces: 115, charges: 0]
2025-11-07 11:17:39.016 WARNING: Since ASE version 3.23.0b1, using stress_key 'stress' is no longer safe when communicating between MACE and ASE. We recommend using a different key, rewriting 'stress' to 'REF_stress'. You need to use --stress_key='REF_stress' to specify the chosen key name.
2025-11-07 11:17:39.020 INFO: Test set 1/1 [energy: 116, stress: 116, virials: 0, dipole components: 0, head: 116, elec_temp: 0, total_charge: 0, polarizability: 0, total_spin: 0, forces: 116, charges: 0]
2025-11-07 11:17:39.021 INFO: Total Test set [energy: 116, stress: 116, virials: 0, dipole components: 0, head: 116, elec_temp: 0, total_charge: 0, polarizability: 0, total_spin: 0, forces: 116, charges: 0]
2025-11-07 11:17:39.021 INFO: Total number of configurations: train=928, valid=115, tests=[sp_Default: 116],
2025-11-07 11:17:39.021 INFO: Using atomic numbers from command line argument
2025-11-07 11:17:39.022 INFO: Atomic Numbers used: [47]
2025-11-07 11:17:39.022 INFO: Isolated Atomic Energies (E0s) not in training file, using command line argument
2025-11-07 11:17:39.022 INFO: Atomic Energies used (z: eV) for head Default: {47: -2.670131299573519}
2025-11-07 11:17:39.022 INFO: Processing datasets for head 'Default'
2025-11-07 11:17:40.951 INFO: Combining 1 list datasets for head 'Default'
2025-11-07 11:17:41.185 INFO: Combining 1 list datasets for head 'Default_valid'
2025-11-07 11:17:41.185 INFO: Combined validation datasets for Default
2025-11-07 11:17:41.185 INFO: Head 'Default' training dataset size: 928
2025-11-07 11:17:41.186 INFO: Computing average number of neighbors
2025-11-07 11:17:45.919 INFO: Average number of neighbors: 49.59964750748287
2025-11-07 11:17:45.919 INFO: HEADS used: ['Default']
2025-11-07 11:17:45.919 INFO: During training the following quantities will be reported: energy, forces, stress
2025-11-07 11:17:45.919 INFO: ===========MODEL DETAILS===========
2025-11-07 11:17:48.748 INFO: Building model
2025-11-07 11:17:48.749 INFO: Message passing with 128 channels and max_L=1 (128x0e+128x1o)
2025-11-07 11:17:48.749 INFO: 2 layers, each with correlation order: 2 (body order: 3) and spherical harmonics up to: l=3
2025-11-07 11:17:48.749 INFO: 8 radial and 5 basis functions
2025-11-07 11:17:48.749 INFO: Radial cutoff: 6.0 A (total receptive field for each atom: 12.0 A)
2025-11-07 11:17:48.749 INFO: Distance transform for radial basis functions: Agnesi
2025-11-07 11:17:48.749 INFO: Hidden irreps: 128x0e+128x1o
2025-11-07 11:17:48.749 INFO: Retrying ScaleShiftMACE without extra kwargs due to: MACE.__init__() got an unexpected keyword argument 'node_mlp_factory'
2025-11-07 11:17:49.754 INFO: Total number of parameters: 546192
2025-11-07 11:17:49.754 INFO: 
2025-11-07 11:17:49.754 INFO: ===========OPTIMIZER INFORMATION===========
2025-11-07 11:17:49.754 INFO: Using ADAM as parameter optimizer
2025-11-07 11:17:49.755 INFO: Batch size: 4
2025-11-07 11:17:49.755 INFO: Using Exponential Moving Average with decay: 0.99999
2025-11-07 11:17:49.755 INFO: Number of gradient updates: 23200
2025-11-07 11:17:49.755 INFO: Learning rate: 0.008, weight decay: 1e-08
2025-11-07 11:17:49.755 INFO: UniversalLoss(energy_weight=1.000, forces_weight=10.000, stress_weight=10.000)
2025-11-07 11:17:49.755 INFO: Stage Two (after 30 epochs) with loss function: UniversalLoss(energy_weight=1.000, forces_weight=50.000, stress_weight=10.000), with energy weight : 1.0, forces weight : 50.0, stress weight : 10.0 and learning rate : 0.001
2025-11-07 11:17:49.850 INFO: Using gradient clipping with tolerance=100.000
2025-11-07 11:17:49.850 INFO: 
2025-11-07 11:17:49.850 INFO: ===========TRAINING===========
2025-11-07 11:17:49.851 INFO: ===========MIXER CONFIG===========
2025-11-07 11:17:49.851 INFO: Readout: NonLinearReadoutBlock  [kan=OFF | kaf=OFF | libra=OFF]
2025-11-07 11:17:49.851 INFO: Interaction MLPs: node_librakan=ON , edge_librakan=ON 
2025-11-07 11:17:49.851 INFO: ==================================
2025-11-07 11:17:49.851 INFO: Started training, reporting errors on validation set
2025-11-07 11:17:49.851 INFO: Loss metrics on validation set
2025-11-07 11:18:00.881 INFO: Initial: head: Default, loss=0.01546474, RMSE_E_per_atom=  249.86 meV, RMSE_F=  762.49 meV / A, RMSE_stress=    3.13 meV / A^3
2025-11-07 11:19:00.806 INFO: Epoch 0: head: Default, loss=0.00197745, RMSE_E_per_atom=   10.01 meV, RMSE_F=  116.63 meV / A, RMSE_stress=    2.44 meV / A^3
2025-11-07 11:19:47.704 INFO: Epoch 1: head: Default, loss=0.00074312, RMSE_E_per_atom=    6.52 meV, RMSE_F=   45.53 meV / A, RMSE_stress=    2.71 meV / A^3
2025-11-07 11:20:34.156 INFO: Epoch 2: head: Default, loss=0.00046092, RMSE_E_per_atom=    1.43 meV, RMSE_F=   29.43 meV / A, RMSE_stress=    2.63 meV / A^3
2025-11-07 11:21:20.540 INFO: Epoch 3: head: Default, loss=0.00039388, RMSE_E_per_atom=    0.76 meV, RMSE_F=   25.69 meV / A, RMSE_stress=    2.64 meV / A^3
2025-11-07 11:22:06.882 INFO: Epoch 4: head: Default, loss=0.00037194, RMSE_E_per_atom=    1.88 meV, RMSE_F=   24.50 meV / A, RMSE_stress=    2.65 meV / A^3
2025-11-07 11:22:53.327 INFO: Epoch 5: head: Default, loss=0.00033198, RMSE_E_per_atom=    0.36 meV, RMSE_F=   22.24 meV / A, RMSE_stress=    2.64 meV / A^3
2025-11-07 11:23:39.577 INFO: Epoch 6: head: Default, loss=0.00031611, RMSE_E_per_atom=    0.60 meV, RMSE_F=   21.43 meV / A, RMSE_stress=    2.63 meV / A^3
2025-11-07 11:24:26.015 INFO: Epoch 7: head: Default, loss=0.00030379, RMSE_E_per_atom=    3.32 meV, RMSE_F=   20.70 meV / A, RMSE_stress=    2.62 meV / A^3
2025-11-07 11:25:12.425 INFO: Epoch 8: head: Default, loss=0.00028668, RMSE_E_per_atom=    2.30 meV, RMSE_F=   19.82 meV / A, RMSE_stress=    2.61 meV / A^3
2025-11-07 11:25:58.843 INFO: Epoch 9: head: Default, loss=0.00026945, RMSE_E_per_atom=    2.42 meV, RMSE_F=   18.86 meV / A, RMSE_stress=    2.60 meV / A^3
2025-11-07 11:26:45.262 INFO: Epoch 10: head: Default, loss=0.00025602, RMSE_E_per_atom=    2.10 meV, RMSE_F=   18.16 meV / A, RMSE_stress=    2.60 meV / A^3
2025-11-07 11:27:31.921 INFO: Epoch 11: head: Default, loss=0.00024639, RMSE_E_per_atom=    1.60 meV, RMSE_F=   17.65 meV / A, RMSE_stress=    2.59 meV / A^3
2025-11-07 11:28:18.286 INFO: Epoch 12: head: Default, loss=0.00023688, RMSE_E_per_atom=    0.49 meV, RMSE_F=   17.14 meV / A, RMSE_stress=    2.59 meV / A^3
2025-11-07 11:29:04.850 INFO: Epoch 13: head: Default, loss=0.00022861, RMSE_E_per_atom=    0.37 meV, RMSE_F=   16.68 meV / A, RMSE_stress=    2.59 meV / A^3
2025-11-07 11:29:51.256 INFO: Epoch 14: head: Default, loss=0.00022202, RMSE_E_per_atom=    0.68 meV, RMSE_F=   16.31 meV / A, RMSE_stress=    2.59 meV / A^3
2025-11-07 11:30:37.638 INFO: Epoch 15: head: Default, loss=0.00021838, RMSE_E_per_atom=    0.97 meV, RMSE_F=   16.12 meV / A, RMSE_stress=    2.59 meV / A^3
2025-11-07 11:31:24.178 INFO: Epoch 16: head: Default, loss=0.00021302, RMSE_E_per_atom=    1.17 meV, RMSE_F=   15.81 meV / A, RMSE_stress=    2.59 meV / A^3
2025-11-07 11:32:10.834 INFO: Epoch 17: head: Default, loss=0.00020857, RMSE_E_per_atom=    0.28 meV, RMSE_F=   15.56 meV / A, RMSE_stress=    2.59 meV / A^3
2025-11-07 11:32:57.101 INFO: Epoch 18: head: Default, loss=0.00020402, RMSE_E_per_atom=    0.63 meV, RMSE_F=   15.29 meV / A, RMSE_stress=    2.58 meV / A^3
2025-11-07 11:33:43.436 INFO: Epoch 19: head: Default, loss=0.00019903, RMSE_E_per_atom=    0.39 meV, RMSE_F=   15.01 meV / A, RMSE_stress=    2.58 meV / A^3
2025-11-07 11:34:30.945 INFO: Epoch 20: head: Default, loss=0.00019533, RMSE_E_per_atom=    0.47 meV, RMSE_F=   14.80 meV / A, RMSE_stress=    2.58 meV / A^3
2025-11-07 11:35:18.289 INFO: Epoch 21: head: Default, loss=0.00019275, RMSE_E_per_atom=    0.26 meV, RMSE_F=   14.67 meV / A, RMSE_stress=    2.58 meV / A^3
2025-11-07 11:36:07.435 INFO: Epoch 22: head: Default, loss=0.00018891, RMSE_E_per_atom=    0.29 meV, RMSE_F=   14.44 meV / A, RMSE_stress=    2.58 meV / A^3
2025-11-07 11:36:40.776 INFO: ===========VERIFYING SETTINGS===========
2025-11-07 11:36:40.777 WARNING: All of hidden_irreps, num_channels and max_L are specified
2025-11-07 11:36:40.777 WARNING: Using num_channels and max_L to create hidden_irreps: 128x0e+128x1o.
2025-11-07 11:36:40.777 INFO: Stage Two is activated as start_stage_two was defined
2025-11-07 11:36:40.777 INFO: MACE version: 0.3.14
2025-11-07 11:36:40.808 INFO: CUDA version: 11.8, CUDA device: 0
2025-11-07 11:36:40.844 INFO: ===========LOADING INPUT DATA===========
2025-11-07 11:36:40.844 INFO: Using heads: ['Default']
2025-11-07 11:36:40.844 INFO: Using the key specifications to parse data:
2025-11-07 11:36:40.845 INFO: Default: KeySpecification(info_keys={'energy': 'dft_energy', 'stress': 'stress', 'virials': 'REF_virials', 'dipole': 'dipole', 'head': 'head', 'elec_temp': 'elec_temp', 'total_charge': 'total_charge', 'polarizability': 'polarizability', 'total_spin': 'total_spin'}, arrays_keys={'forces': 'dft_forces', 'charges': 'REF_charges'})
2025-11-07 11:36:40.845 INFO: =============    Processing head Default     ===========
2025-11-07 11:36:41.286 WARNING: Since ASE version 3.23.0b1, using stress_key 'stress' is no longer safe when communicating between MACE and ASE. We recommend using a different key, rewriting 'stress' to 'REF_stress'. You need to use --stress_key='REF_stress' to specify the chosen key name.
2025-11-07 11:36:41.319 INFO: Training set 1/1 [energy: 927, stress: 928, virials: 0, dipole components: 0, head: 928, elec_temp: 0, total_charge: 0, polarizability: 0, total_spin: 0, forces: 927, charges: 0]
2025-11-07 11:36:41.325 INFO: Total Training set [energy: 927, stress: 928, virials: 0, dipole components: 0, head: 928, elec_temp: 0, total_charge: 0, polarizability: 0, total_spin: 0, forces: 927, charges: 0]
2025-11-07 11:36:41.391 WARNING: Since ASE version 3.23.0b1, using stress_key 'stress' is no longer safe when communicating between MACE and ASE. We recommend using a different key, rewriting 'stress' to 'REF_stress'. You need to use --stress_key='REF_stress' to specify the chosen key name.
2025-11-07 11:36:41.395 INFO: Validation set 1/1 [energy: 115, stress: 115, virials: 0, dipole components: 0, head: 115, elec_temp: 0, total_charge: 0, polarizability: 0, total_spin: 0, forces: 115, charges: 0]
2025-11-07 11:36:41.396 INFO: Total Validation set [energy: 115, stress: 115, virials: 0, dipole components: 0, head: 115, elec_temp: 0, total_charge: 0, polarizability: 0, total_spin: 0, forces: 115, charges: 0]
2025-11-07 11:36:41.461 WARNING: Since ASE version 3.23.0b1, using stress_key 'stress' is no longer safe when communicating between MACE and ASE. We recommend using a different key, rewriting 'stress' to 'REF_stress'. You need to use --stress_key='REF_stress' to specify the chosen key name.
2025-11-07 11:36:41.465 INFO: Test set 1/1 [energy: 116, stress: 116, virials: 0, dipole components: 0, head: 116, elec_temp: 0, total_charge: 0, polarizability: 0, total_spin: 0, forces: 116, charges: 0]
2025-11-07 11:36:41.466 INFO: Total Test set [energy: 116, stress: 116, virials: 0, dipole components: 0, head: 116, elec_temp: 0, total_charge: 0, polarizability: 0, total_spin: 0, forces: 116, charges: 0]
2025-11-07 11:36:41.466 INFO: Total number of configurations: train=928, valid=115, tests=[sp_Default: 116],
2025-11-07 11:36:41.466 INFO: Using atomic numbers from command line argument
2025-11-07 11:36:41.466 INFO: Atomic Numbers used: [47]
2025-11-07 11:36:41.466 INFO: Isolated Atomic Energies (E0s) not in training file, using command line argument
2025-11-07 11:36:41.466 INFO: Atomic Energies used (z: eV) for head Default: {47: -2.670131299573519}
2025-11-07 11:36:41.467 INFO: Processing datasets for head 'Default'
2025-11-07 11:36:43.361 INFO: Combining 1 list datasets for head 'Default'
2025-11-07 11:36:43.596 INFO: Combining 1 list datasets for head 'Default_valid'
2025-11-07 11:36:43.596 INFO: Combined validation datasets for Default
2025-11-07 11:36:43.596 INFO: Head 'Default' training dataset size: 928
2025-11-07 11:36:43.597 INFO: Computing average number of neighbors
2025-11-07 11:36:48.337 INFO: Average number of neighbors: 49.59964750748287
2025-11-07 11:36:48.338 INFO: HEADS used: ['Default']
2025-11-07 11:36:48.339 INFO: During training the following quantities will be reported: energy, forces, stress
2025-11-07 11:36:48.339 INFO: ===========MODEL DETAILS===========
2025-11-07 11:36:51.191 INFO: Building model
2025-11-07 11:36:51.191 INFO: Message passing with 128 channels and max_L=1 (128x0e+128x1o)
2025-11-07 11:36:51.191 INFO: 2 layers, each with correlation order: 2 (body order: 3) and spherical harmonics up to: l=3
2025-11-07 11:36:51.191 INFO: 8 radial and 5 basis functions
2025-11-07 11:36:51.191 INFO: Radial cutoff: 6.0 A (total receptive field for each atom: 12.0 A)
2025-11-07 11:36:51.192 INFO: Distance transform for radial basis functions: Agnesi
2025-11-07 11:36:51.192 INFO: Hidden irreps: 128x0e+128x1o
2025-11-07 11:36:51.192 INFO: Retrying ScaleShiftMACE without extra kwargs due to: MACE.__init__() got an unexpected keyword argument 'node_mlp_factory'
2025-11-07 11:36:51.949 INFO: Total number of parameters: 546192
2025-11-07 11:36:51.949 INFO: 
2025-11-07 11:36:51.949 INFO: ===========OPTIMIZER INFORMATION===========
2025-11-07 11:36:51.949 INFO: Using ADAM as parameter optimizer
2025-11-07 11:36:51.949 INFO: Batch size: 4
2025-11-07 11:36:51.949 INFO: Using Exponential Moving Average with decay: 0.99999
2025-11-07 11:36:51.949 INFO: Number of gradient updates: 23200
2025-11-07 11:36:51.949 INFO: Learning rate: 0.008, weight decay: 1e-08
2025-11-07 11:36:51.950 INFO: UniversalLoss(energy_weight=1.000, forces_weight=10.000, stress_weight=10.000)
2025-11-07 11:36:51.950 INFO: Stage Two (after 30 epochs) with loss function: UniversalLoss(energy_weight=1.000, forces_weight=50.000, stress_weight=10.000), with energy weight : 1.0, forces weight : 50.0, stress weight : 10.0 and learning rate : 0.001
2025-11-07 11:36:52.040 INFO: Using gradient clipping with tolerance=100.000
2025-11-07 11:36:52.040 INFO: 
2025-11-07 11:36:52.040 INFO: ===========TRAINING===========
2025-11-07 11:36:52.041 INFO: ===========MIXER CONFIG===========
2025-11-07 11:36:52.041 INFO: Readout: NonLinearReadoutBlock  [kan=OFF | kaf=OFF | libra=OFF]
2025-11-07 11:36:52.041 INFO: Interaction MLPs: node_librakan=ON , edge_librakan=ON 
2025-11-07 11:36:52.041 INFO: ==================================
2025-11-07 11:36:52.041 INFO: Started training, reporting errors on validation set
2025-11-07 11:36:52.041 INFO: Loss metrics on validation set
2025-11-07 11:37:03.040 INFO: Initial: head: Default, loss=0.01546474, RMSE_E_per_atom=  249.86 meV, RMSE_F=  762.49 meV / A, RMSE_stress=    3.13 meV / A^3
2025-11-07 11:38:02.153 INFO: Epoch 0: head: Default, loss=0.00197745, RMSE_E_per_atom=   10.01 meV, RMSE_F=  116.63 meV / A, RMSE_stress=    2.44 meV / A^3
2025-11-07 11:38:49.174 INFO: Epoch 1: head: Default, loss=0.00072054, RMSE_E_per_atom=    6.09 meV, RMSE_F=   44.37 meV / A, RMSE_stress=    2.64 meV / A^3
2025-11-07 11:39:35.716 INFO: Epoch 2: head: Default, loss=0.00046375, RMSE_E_per_atom=    1.59 meV, RMSE_F=   29.58 meV / A, RMSE_stress=    2.63 meV / A^3
2025-11-07 11:40:21.767 INFO: Epoch 3: head: Default, loss=0.00039696, RMSE_E_per_atom=    0.81 meV, RMSE_F=   25.90 meV / A, RMSE_stress=    2.65 meV / A^3
2025-11-07 11:41:07.989 INFO: Epoch 4: head: Default, loss=0.00036110, RMSE_E_per_atom=    0.94 meV, RMSE_F=   23.89 meV / A, RMSE_stress=    2.65 meV / A^3
2025-11-07 11:41:54.360 INFO: Epoch 5: head: Default, loss=0.00033559, RMSE_E_per_atom=    1.09 meV, RMSE_F=   22.46 meV / A, RMSE_stress=    2.64 meV / A^3
2025-11-07 11:42:40.794 INFO: Epoch 6: head: Default, loss=0.00031775, RMSE_E_per_atom=    0.74 meV, RMSE_F=   21.52 meV / A, RMSE_stress=    2.63 meV / A^3
2025-11-07 11:43:27.113 INFO: Epoch 7: head: Default, loss=0.00029786, RMSE_E_per_atom=    2.28 meV, RMSE_F=   20.38 meV / A, RMSE_stress=    2.63 meV / A^3
2025-11-07 11:44:13.529 INFO: Epoch 8: head: Default, loss=0.00028361, RMSE_E_per_atom=    3.48 meV, RMSE_F=   19.57 meV / A, RMSE_stress=    2.62 meV / A^3
2025-11-07 11:45:00.164 INFO: Epoch 9: head: Default, loss=0.00027014, RMSE_E_per_atom=    1.13 meV, RMSE_F=   18.95 meV / A, RMSE_stress=    2.61 meV / A^3
2025-11-07 11:45:46.538 INFO: Epoch 10: head: Default, loss=0.00025654, RMSE_E_per_atom=    0.52 meV, RMSE_F=   18.20 meV / A, RMSE_stress=    2.60 meV / A^3
2025-11-07 11:46:32.973 INFO: Epoch 11: head: Default, loss=0.00024747, RMSE_E_per_atom=    2.08 meV, RMSE_F=   17.68 meV / A, RMSE_stress=    2.60 meV / A^3
2025-11-07 11:47:19.350 INFO: Epoch 12: head: Default, loss=0.00024049, RMSE_E_per_atom=    2.43 meV, RMSE_F=   17.32 meV / A, RMSE_stress=    2.59 meV / A^3
2025-11-07 11:48:06.061 INFO: Epoch 13: head: Default, loss=0.00023381, RMSE_E_per_atom=    2.97 meV, RMSE_F=   16.92 meV / A, RMSE_stress=    2.59 meV / A^3
2025-11-07 11:48:52.315 INFO: Epoch 14: head: Default, loss=0.00022605, RMSE_E_per_atom=    1.38 meV, RMSE_F=   16.53 meV / A, RMSE_stress=    2.59 meV / A^3
2025-11-07 11:49:38.532 INFO: Epoch 15: head: Default, loss=0.00022085, RMSE_E_per_atom=    1.24 meV, RMSE_F=   16.26 meV / A, RMSE_stress=    2.59 meV / A^3
2025-11-07 11:50:25.096 INFO: Epoch 16: head: Default, loss=0.00021580, RMSE_E_per_atom=    1.65 meV, RMSE_F=   15.97 meV / A, RMSE_stress=    2.58 meV / A^3
2025-11-07 11:51:11.281 INFO: Epoch 17: head: Default, loss=0.00021019, RMSE_E_per_atom=    1.49 meV, RMSE_F=   15.65 meV / A, RMSE_stress=    2.58 meV / A^3
2025-11-07 11:51:57.838 INFO: Epoch 18: head: Default, loss=0.00020460, RMSE_E_per_atom=    1.01 meV, RMSE_F=   15.33 meV / A, RMSE_stress=    2.58 meV / A^3
2025-11-07 11:52:44.199 INFO: Epoch 19: head: Default, loss=0.00019981, RMSE_E_per_atom=    1.00 meV, RMSE_F=   15.06 meV / A, RMSE_stress=    2.58 meV / A^3
2025-11-07 11:53:30.577 INFO: Epoch 20: head: Default, loss=0.00019649, RMSE_E_per_atom=    0.92 meV, RMSE_F=   14.87 meV / A, RMSE_stress=    2.58 meV / A^3
2025-11-07 11:54:17.084 INFO: Epoch 21: head: Default, loss=0.00019363, RMSE_E_per_atom=    1.17 meV, RMSE_F=   14.71 meV / A, RMSE_stress=    2.58 meV / A^3
2025-11-07 11:55:03.341 INFO: Epoch 22: head: Default, loss=0.00019041, RMSE_E_per_atom=    0.94 meV, RMSE_F=   14.53 meV / A, RMSE_stress=    2.58 meV / A^3
2025-11-07 11:55:50.160 INFO: Epoch 23: head: Default, loss=0.00018715, RMSE_E_per_atom=    0.40 meV, RMSE_F=   14.35 meV / A, RMSE_stress=    2.58 meV / A^3
2025-11-07 11:56:36.930 INFO: Epoch 24: head: Default, loss=0.00018470, RMSE_E_per_atom=    0.23 meV, RMSE_F=   14.21 meV / A, RMSE_stress=    2.58 meV / A^3
2025-11-07 11:57:23.706 INFO: Epoch 25: head: Default, loss=0.00018234, RMSE_E_per_atom=    0.29 meV, RMSE_F=   14.08 meV / A, RMSE_stress=    2.58 meV / A^3
2025-11-07 11:58:11.482 INFO: Epoch 26: head: Default, loss=0.00017970, RMSE_E_per_atom=    0.46 meV, RMSE_F=   13.92 meV / A, RMSE_stress=    2.58 meV / A^3
2025-11-07 11:59:00.139 INFO: Epoch 27: head: Default, loss=0.00017720, RMSE_E_per_atom=    0.54 meV, RMSE_F=   13.77 meV / A, RMSE_stress=    2.58 meV / A^3
2025-11-07 11:59:46.673 INFO: Epoch 28: head: Default, loss=0.00017498, RMSE_E_per_atom=    0.35 meV, RMSE_F=   13.64 meV / A, RMSE_stress=    2.58 meV / A^3
2025-11-07 12:00:34.018 INFO: Epoch 29: head: Default, loss=0.00017243, RMSE_E_per_atom=    0.29 meV, RMSE_F=   13.49 meV / A, RMSE_stress=    2.58 meV / A^3
2025-11-07 12:00:34.109 INFO: Changing loss based on Stage Two Weights
2025-11-07 12:01:20.361 INFO: Epoch 30: head: Default, loss=0.00081400, RMSE_E_per_atom=    0.24 meV, RMSE_F=   13.31 meV / A, RMSE_stress=    2.59 meV / A^3
2025-11-07 12:02:07.106 INFO: Epoch 31: head: Default, loss=0.00079753, RMSE_E_per_atom=    0.31 meV, RMSE_F=   13.11 meV / A, RMSE_stress=    2.60 meV / A^3
2025-11-07 12:02:53.700 INFO: Epoch 32: head: Default, loss=0.00078374, RMSE_E_per_atom=    0.49 meV, RMSE_F=   12.93 meV / A, RMSE_stress=    2.61 meV / A^3
2025-11-07 12:03:40.001 INFO: Epoch 33: head: Default, loss=0.00077191, RMSE_E_per_atom=    0.75 meV, RMSE_F=   12.79 meV / A, RMSE_stress=    2.61 meV / A^3
2025-11-07 12:04:27.724 INFO: Epoch 34: head: Default, loss=0.00076191, RMSE_E_per_atom=    0.95 meV, RMSE_F=   12.66 meV / A, RMSE_stress=    2.62 meV / A^3
2025-11-07 12:05:15.035 INFO: Epoch 35: head: Default, loss=0.00075320, RMSE_E_per_atom=    1.10 meV, RMSE_F=   12.56 meV / A, RMSE_stress=    2.63 meV / A^3
2025-11-07 12:06:03.983 INFO: Epoch 36: head: Default, loss=0.00074537, RMSE_E_per_atom=    1.26 meV, RMSE_F=   12.46 meV / A, RMSE_stress=    2.63 meV / A^3
2025-11-07 12:06:53.712 INFO: Epoch 37: head: Default, loss=0.00073828, RMSE_E_per_atom=    1.35 meV, RMSE_F=   12.38 meV / A, RMSE_stress=    2.63 meV / A^3
2025-11-07 12:07:41.366 INFO: Epoch 38: head: Default, loss=0.00073176, RMSE_E_per_atom=    1.42 meV, RMSE_F=   12.30 meV / A, RMSE_stress=    2.64 meV / A^3
2025-11-07 12:08:28.661 INFO: Epoch 39: head: Default, loss=0.00072564, RMSE_E_per_atom=    1.46 meV, RMSE_F=   12.22 meV / A, RMSE_stress=    2.64 meV / A^3
2025-11-07 12:09:15.841 INFO: Epoch 40: head: Default, loss=0.00071998, RMSE_E_per_atom=    1.48 meV, RMSE_F=   12.16 meV / A, RMSE_stress=    2.64 meV / A^3
2025-11-07 12:10:03.766 INFO: Epoch 41: head: Default, loss=0.00071464, RMSE_E_per_atom=    1.50 meV, RMSE_F=   12.09 meV / A, RMSE_stress=    2.64 meV / A^3
2025-11-07 12:10:54.398 INFO: Epoch 42: head: Default, loss=0.00070960, RMSE_E_per_atom=    1.46 meV, RMSE_F=   12.03 meV / A, RMSE_stress=    2.64 meV / A^3
2025-11-07 12:11:42.159 INFO: Epoch 43: head: Default, loss=0.00070484, RMSE_E_per_atom=    1.46 meV, RMSE_F=   11.98 meV / A, RMSE_stress=    2.65 meV / A^3
2025-11-07 12:12:28.728 INFO: Epoch 44: head: Default, loss=0.00070038, RMSE_E_per_atom=    1.45 meV, RMSE_F=   11.92 meV / A, RMSE_stress=    2.65 meV / A^3
2025-11-07 12:13:13.986 INFO: ===========VERIFYING SETTINGS===========
2025-11-07 12:13:13.987 WARNING: All of hidden_irreps, num_channels and max_L are specified
2025-11-07 12:13:13.987 WARNING: Using num_channels and max_L to create hidden_irreps: 128x0e+128x1o.
2025-11-07 12:13:13.988 INFO: Stage Two is activated as start_stage_two was defined
2025-11-07 12:13:13.988 INFO: MACE version: 0.3.14
2025-11-07 12:13:14.019 INFO: CUDA version: 11.8, CUDA device: 0
2025-11-07 12:13:14.055 INFO: ===========LOADING INPUT DATA===========
2025-11-07 12:13:14.055 INFO: Using heads: ['Default']
2025-11-07 12:13:14.055 INFO: Using the key specifications to parse data:
2025-11-07 12:13:14.055 INFO: Default: KeySpecification(info_keys={'energy': 'dft_energy', 'stress': 'stress', 'virials': 'REF_virials', 'dipole': 'dipole', 'head': 'head', 'elec_temp': 'elec_temp', 'total_charge': 'total_charge', 'polarizability': 'polarizability', 'total_spin': 'total_spin'}, arrays_keys={'forces': 'dft_forces', 'charges': 'REF_charges'})
2025-11-07 12:13:14.056 INFO: =============    Processing head Default     ===========
2025-11-07 12:13:14.501 WARNING: Since ASE version 3.23.0b1, using stress_key 'stress' is no longer safe when communicating between MACE and ASE. We recommend using a different key, rewriting 'stress' to 'REF_stress'. You need to use --stress_key='REF_stress' to specify the chosen key name.
2025-11-07 12:13:14.534 INFO: Training set 1/1 [energy: 927, stress: 928, virials: 0, dipole components: 0, head: 928, elec_temp: 0, total_charge: 0, polarizability: 0, total_spin: 0, forces: 927, charges: 0]
2025-11-07 12:13:14.540 INFO: Total Training set [energy: 927, stress: 928, virials: 0, dipole components: 0, head: 928, elec_temp: 0, total_charge: 0, polarizability: 0, total_spin: 0, forces: 927, charges: 0]
2025-11-07 12:13:14.608 WARNING: Since ASE version 3.23.0b1, using stress_key 'stress' is no longer safe when communicating between MACE and ASE. We recommend using a different key, rewriting 'stress' to 'REF_stress'. You need to use --stress_key='REF_stress' to specify the chosen key name.
2025-11-07 12:13:14.612 INFO: Validation set 1/1 [energy: 115, stress: 115, virials: 0, dipole components: 0, head: 115, elec_temp: 0, total_charge: 0, polarizability: 0, total_spin: 0, forces: 115, charges: 0]
2025-11-07 12:13:14.613 INFO: Total Validation set [energy: 115, stress: 115, virials: 0, dipole components: 0, head: 115, elec_temp: 0, total_charge: 0, polarizability: 0, total_spin: 0, forces: 115, charges: 0]
2025-11-07 12:13:14.680 WARNING: Since ASE version 3.23.0b1, using stress_key 'stress' is no longer safe when communicating between MACE and ASE. We recommend using a different key, rewriting 'stress' to 'REF_stress'. You need to use --stress_key='REF_stress' to specify the chosen key name.
2025-11-07 12:13:14.684 INFO: Test set 1/1 [energy: 116, stress: 116, virials: 0, dipole components: 0, head: 116, elec_temp: 0, total_charge: 0, polarizability: 0, total_spin: 0, forces: 116, charges: 0]
2025-11-07 12:13:14.685 INFO: Total Test set [energy: 116, stress: 116, virials: 0, dipole components: 0, head: 116, elec_temp: 0, total_charge: 0, polarizability: 0, total_spin: 0, forces: 116, charges: 0]
2025-11-07 12:13:14.685 INFO: Total number of configurations: train=928, valid=115, tests=[sp_Default: 116],
2025-11-07 12:13:14.685 INFO: Using atomic numbers from command line argument
2025-11-07 12:13:14.685 INFO: Atomic Numbers used: [47]
2025-11-07 12:13:14.685 INFO: Isolated Atomic Energies (E0s) not in training file, using command line argument
2025-11-07 12:13:14.686 INFO: Atomic Energies used (z: eV) for head Default: {47: -2.670131299573519}
2025-11-07 12:13:14.686 INFO: Processing datasets for head 'Default'
2025-11-07 12:13:16.559 INFO: Combining 1 list datasets for head 'Default'
2025-11-07 12:13:16.788 INFO: Combining 1 list datasets for head 'Default_valid'
2025-11-07 12:13:16.788 INFO: Combined validation datasets for Default
2025-11-07 12:13:16.788 INFO: Head 'Default' training dataset size: 928
2025-11-07 12:13:16.789 INFO: Computing average number of neighbors
2025-11-07 12:13:21.505 INFO: Average number of neighbors: 49.59964750748287
2025-11-07 12:13:21.505 INFO: HEADS used: ['Default']
2025-11-07 12:13:21.506 INFO: During training the following quantities will be reported: energy, forces, stress
2025-11-07 12:13:21.506 INFO: ===========MODEL DETAILS===========
2025-11-07 12:13:24.330 INFO: Building model
2025-11-07 12:13:24.330 INFO: Message passing with 128 channels and max_L=1 (128x0e+128x1o)
2025-11-07 12:13:24.330 INFO: 2 layers, each with correlation order: 2 (body order: 3) and spherical harmonics up to: l=3
2025-11-07 12:13:24.331 INFO: 8 radial and 5 basis functions
2025-11-07 12:13:24.331 INFO: Radial cutoff: 6.0 A (total receptive field for each atom: 12.0 A)
2025-11-07 12:13:24.331 INFO: Distance transform for radial basis functions: Agnesi
2025-11-07 12:13:24.331 INFO: Hidden irreps: 128x0e+128x1o
2025-11-07 12:13:24.331 INFO: Retrying ScaleShiftMACE without extra kwargs due to: MACE.__init__() got an unexpected keyword argument 'node_mlp_factory'
2025-11-07 12:13:25.313 INFO: Total number of parameters: 546192
2025-11-07 12:13:25.313 INFO: 
2025-11-07 12:13:25.313 INFO: ===========OPTIMIZER INFORMATION===========
2025-11-07 12:13:25.313 INFO: Using ADAM as parameter optimizer
2025-11-07 12:13:25.313 INFO: Batch size: 4
2025-11-07 12:13:25.313 INFO: Using Exponential Moving Average with decay: 0.99999
2025-11-07 12:13:25.313 INFO: Number of gradient updates: 23200
2025-11-07 12:13:25.313 INFO: Learning rate: 0.008, weight decay: 1e-08
2025-11-07 12:13:25.313 INFO: UniversalLoss(energy_weight=1.000, forces_weight=10.000, stress_weight=10.000)
2025-11-07 12:13:25.314 INFO: Stage Two (after 30 epochs) with loss function: UniversalLoss(energy_weight=1.000, forces_weight=50.000, stress_weight=10.000), with energy weight : 1.0, forces weight : 50.0, stress weight : 10.0 and learning rate : 0.001
2025-11-07 12:13:25.408 INFO: Using gradient clipping with tolerance=100.000
2025-11-07 12:13:25.408 INFO: 
2025-11-07 12:13:25.408 INFO: ===========TRAINING===========
2025-11-07 12:13:25.408 INFO: ===========MIXER CONFIG===========
2025-11-07 12:13:25.408 INFO: Readout: NonLinearReadoutBlock  [kan=OFF | kaf=OFF | libra=OFF]
2025-11-07 12:13:25.408 INFO: Interaction MLPs: node_librakan=OFF, edge_librakan=OFF
2025-11-07 12:13:25.408 INFO: ==================================
2025-11-07 12:13:25.408 INFO: Started training, reporting errors on validation set
2025-11-07 12:13:25.409 INFO: Loss metrics on validation set
2025-11-07 12:13:36.322 INFO: Initial: head: Default, loss=0.01546474, RMSE_E_per_atom=  249.86 meV, RMSE_F=  762.49 meV / A, RMSE_stress=    3.13 meV / A^3
2025-11-07 12:14:35.653 INFO: Epoch 0: head: Default, loss=0.00197745, RMSE_E_per_atom=   10.01 meV, RMSE_F=  116.63 meV / A, RMSE_stress=    2.44 meV / A^3
2025-11-07 12:15:22.007 INFO: Epoch 1: head: Default, loss=0.00072718, RMSE_E_per_atom=    5.77 meV, RMSE_F=   44.74 meV / A, RMSE_stress=    2.65 meV / A^3
2025-11-07 12:16:08.472 INFO: Epoch 2: head: Default, loss=0.00047782, RMSE_E_per_atom=    3.48 meV, RMSE_F=   30.34 meV / A, RMSE_stress=    2.63 meV / A^3
2025-11-07 12:16:54.886 INFO: Epoch 3: head: Default, loss=0.00040606, RMSE_E_per_atom=    1.88 meV, RMSE_F=   26.39 meV / A, RMSE_stress=    2.65 meV / A^3
2025-11-07 12:17:41.326 INFO: Epoch 4: head: Default, loss=0.00036091, RMSE_E_per_atom=    0.39 meV, RMSE_F=   23.89 meV / A, RMSE_stress=    2.64 meV / A^3
2025-11-07 12:18:27.982 INFO: Epoch 5: head: Default, loss=0.00032763, RMSE_E_per_atom=    1.23 meV, RMSE_F=   22.00 meV / A, RMSE_stress=    2.63 meV / A^3
2025-11-07 12:19:14.672 INFO: Epoch 6: head: Default, loss=0.00030940, RMSE_E_per_atom=    3.12 meV, RMSE_F=   20.97 meV / A, RMSE_stress=    2.63 meV / A^3
2025-11-07 12:20:00.845 INFO: Epoch 7: head: Default, loss=0.00029602, RMSE_E_per_atom=    3.21 meV, RMSE_F=   20.26 meV / A, RMSE_stress=    2.62 meV / A^3
2025-11-07 12:20:47.254 INFO: Epoch 8: head: Default, loss=0.00027599, RMSE_E_per_atom=    1.28 meV, RMSE_F=   19.23 meV / A, RMSE_stress=    2.61 meV / A^3
2025-11-07 12:21:33.794 INFO: Epoch 9: head: Default, loss=0.00026226, RMSE_E_per_atom=    1.05 meV, RMSE_F=   18.48 meV / A, RMSE_stress=    2.61 meV / A^3
2025-11-07 12:22:20.388 INFO: Epoch 10: head: Default, loss=0.00025159, RMSE_E_per_atom=    0.96 meV, RMSE_F=   17.93 meV / A, RMSE_stress=    2.60 meV / A^3
2025-11-07 12:23:06.690 INFO: Epoch 11: head: Default, loss=0.00024167, RMSE_E_per_atom=    2.09 meV, RMSE_F=   17.36 meV / A, RMSE_stress=    2.60 meV / A^3
2025-11-07 12:23:53.092 INFO: Epoch 12: head: Default, loss=0.00023449, RMSE_E_per_atom=    2.56 meV, RMSE_F=   16.96 meV / A, RMSE_stress=    2.59 meV / A^3
2025-11-07 12:24:39.294 INFO: Epoch 13: head: Default, loss=0.00022922, RMSE_E_per_atom=    2.27 meV, RMSE_F=   16.70 meV / A, RMSE_stress=    2.59 meV / A^3
2025-11-07 12:25:26.193 INFO: Epoch 14: head: Default, loss=0.00022371, RMSE_E_per_atom=    1.82 meV, RMSE_F=   16.41 meV / A, RMSE_stress=    2.59 meV / A^3
2025-11-07 12:26:12.617 INFO: Epoch 15: head: Default, loss=0.00021575, RMSE_E_per_atom=    1.01 meV, RMSE_F=   15.97 meV / A, RMSE_stress=    2.59 meV / A^3
2025-11-07 12:26:57.187 INFO: ===========VERIFYING SETTINGS===========
2025-11-07 12:26:57.188 WARNING: All of hidden_irreps, num_channels and max_L are specified
2025-11-07 12:26:57.188 WARNING: Using num_channels and max_L to create hidden_irreps: 128x0e+128x1o.
2025-11-07 12:26:57.188 INFO: Stage Two is activated as start_stage_two was defined
2025-11-07 12:26:57.188 INFO: MACE version: 0.3.14
2025-11-07 12:26:57.220 INFO: CUDA version: 11.8, CUDA device: 0
2025-11-07 12:26:57.255 INFO: ===========LOADING INPUT DATA===========
2025-11-07 12:26:57.255 INFO: Using heads: ['Default']
2025-11-07 12:26:57.255 INFO: Using the key specifications to parse data:
2025-11-07 12:26:57.255 INFO: Default: KeySpecification(info_keys={'energy': 'dft_energy', 'stress': 'stress', 'virials': 'REF_virials', 'dipole': 'dipole', 'head': 'head', 'elec_temp': 'elec_temp', 'total_charge': 'total_charge', 'polarizability': 'polarizability', 'total_spin': 'total_spin'}, arrays_keys={'forces': 'dft_forces', 'charges': 'REF_charges'})
2025-11-07 12:26:57.255 INFO: =============    Processing head Default     ===========
2025-11-07 12:26:57.673 WARNING: Since ASE version 3.23.0b1, using stress_key 'stress' is no longer safe when communicating between MACE and ASE. We recommend using a different key, rewriting 'stress' to 'REF_stress'. You need to use --stress_key='REF_stress' to specify the chosen key name.
2025-11-07 12:26:57.712 INFO: Training set 1/1 [energy: 927, stress: 928, virials: 0, dipole components: 0, head: 928, elec_temp: 0, total_charge: 0, polarizability: 0, total_spin: 0, forces: 927, charges: 0]
2025-11-07 12:26:57.717 INFO: Total Training set [energy: 927, stress: 928, virials: 0, dipole components: 0, head: 928, elec_temp: 0, total_charge: 0, polarizability: 0, total_spin: 0, forces: 927, charges: 0]
2025-11-07 12:26:57.779 WARNING: Since ASE version 3.23.0b1, using stress_key 'stress' is no longer safe when communicating between MACE and ASE. We recommend using a different key, rewriting 'stress' to 'REF_stress'. You need to use --stress_key='REF_stress' to specify the chosen key name.
2025-11-07 12:26:57.783 INFO: Validation set 1/1 [energy: 115, stress: 115, virials: 0, dipole components: 0, head: 115, elec_temp: 0, total_charge: 0, polarizability: 0, total_spin: 0, forces: 115, charges: 0]
2025-11-07 12:26:57.784 INFO: Total Validation set [energy: 115, stress: 115, virials: 0, dipole components: 0, head: 115, elec_temp: 0, total_charge: 0, polarizability: 0, total_spin: 0, forces: 115, charges: 0]
2025-11-07 12:26:57.847 WARNING: Since ASE version 3.23.0b1, using stress_key 'stress' is no longer safe when communicating between MACE and ASE. We recommend using a different key, rewriting 'stress' to 'REF_stress'. You need to use --stress_key='REF_stress' to specify the chosen key name.
2025-11-07 12:26:57.850 INFO: Test set 1/1 [energy: 116, stress: 116, virials: 0, dipole components: 0, head: 116, elec_temp: 0, total_charge: 0, polarizability: 0, total_spin: 0, forces: 116, charges: 0]
2025-11-07 12:26:57.851 INFO: Total Test set [energy: 116, stress: 116, virials: 0, dipole components: 0, head: 116, elec_temp: 0, total_charge: 0, polarizability: 0, total_spin: 0, forces: 116, charges: 0]
2025-11-07 12:26:57.851 INFO: Total number of configurations: train=928, valid=115, tests=[sp_Default: 116],
2025-11-07 12:26:57.852 INFO: Using atomic numbers from command line argument
2025-11-07 12:26:57.852 INFO: Atomic Numbers used: [47]
2025-11-07 12:26:57.852 INFO: Isolated Atomic Energies (E0s) not in training file, using command line argument
2025-11-07 12:26:57.854 INFO: Atomic Energies used (z: eV) for head Default: {47: -2.670131299573519}
2025-11-07 12:26:57.854 INFO: Processing datasets for head 'Default'
2025-11-07 12:26:59.762 INFO: Combining 1 list datasets for head 'Default'
2025-11-07 12:26:59.991 INFO: Combining 1 list datasets for head 'Default_valid'
2025-11-07 12:26:59.992 INFO: Combined validation datasets for Default
2025-11-07 12:26:59.992 INFO: Head 'Default' training dataset size: 928
2025-11-07 12:26:59.993 INFO: Computing average number of neighbors
2025-11-07 12:27:04.966 INFO: Average number of neighbors: 49.59964750748287
2025-11-07 12:27:04.966 INFO: HEADS used: ['Default']
2025-11-07 12:27:04.967 INFO: During training the following quantities will be reported: energy, forces, stress
2025-11-07 12:27:04.967 INFO: ===========MODEL DETAILS===========
2025-11-07 12:27:07.844 INFO: Building model
2025-11-07 12:27:07.845 INFO: Message passing with 128 channels and max_L=1 (128x0e+128x1o)
2025-11-07 12:27:07.845 INFO: 2 layers, each with correlation order: 2 (body order: 3) and spherical harmonics up to: l=3
2025-11-07 12:27:07.845 INFO: 8 radial and 5 basis functions
2025-11-07 12:27:07.845 INFO: Radial cutoff: 6.0 A (total receptive field for each atom: 12.0 A)
2025-11-07 12:27:07.845 INFO: Distance transform for radial basis functions: Agnesi
2025-11-07 12:27:07.845 INFO: Hidden irreps: 128x0e+128x1o
2025-11-07 12:27:07.845 INFO: Retrying ScaleShiftMACE without extra kwargs due to: MACE.__init__() got an unexpected keyword argument 'node_mlp_factory'
2025-11-07 12:27:08.581 INFO: Total number of parameters: 546192
2025-11-07 12:27:08.581 INFO: 
2025-11-07 12:27:08.581 INFO: ===========OPTIMIZER INFORMATION===========
2025-11-07 12:27:08.581 INFO: Using ADAM as parameter optimizer
2025-11-07 12:27:08.581 INFO: Batch size: 4
2025-11-07 12:27:08.581 INFO: Using Exponential Moving Average with decay: 0.99999
2025-11-07 12:27:08.581 INFO: Number of gradient updates: 23200
2025-11-07 12:27:08.581 INFO: Learning rate: 0.008, weight decay: 1e-08
2025-11-07 12:27:08.581 INFO: UniversalLoss(energy_weight=1.000, forces_weight=10.000, stress_weight=10.000)
2025-11-07 12:27:08.582 INFO: Stage Two (after 30 epochs) with loss function: UniversalLoss(energy_weight=1.000, forces_weight=50.000, stress_weight=10.000), with energy weight : 1.0, forces weight : 50.0, stress weight : 10.0 and learning rate : 0.001
2025-11-07 12:27:08.936 INFO: Using gradient clipping with tolerance=100.000
2025-11-07 12:27:08.936 INFO: 
2025-11-07 12:27:08.936 INFO: ===========TRAINING===========
2025-11-07 12:27:08.936 INFO: ===========MIXER CONFIG===========
2025-11-07 12:27:08.936 INFO: Readout: NonLinearReadoutBlock  [kan=OFF | kaf=OFF | libra=OFF]
2025-11-07 12:27:08.936 INFO: Interaction MLPs: node_librakan=OFF, edge_librakan=OFF
2025-11-07 12:27:08.936 INFO: ==================================
2025-11-07 12:27:08.936 INFO: Started training, reporting errors on validation set
2025-11-07 12:27:08.937 INFO: Loss metrics on validation set
2025-11-07 12:28:12.061 INFO: ===========VERIFYING SETTINGS===========
2025-11-07 12:28:12.061 WARNING: All of hidden_irreps, num_channels and max_L are specified
2025-11-07 12:28:12.061 WARNING: Using num_channels and max_L to create hidden_irreps: 128x0e+128x1o.
2025-11-07 12:28:12.061 INFO: Stage Two is activated as start_stage_two was defined
2025-11-07 12:28:12.061 INFO: MACE version: 0.3.14
2025-11-07 12:28:12.093 INFO: CUDA version: 11.8, CUDA device: 0
2025-11-07 12:28:12.129 INFO: ===========LOADING INPUT DATA===========
2025-11-07 12:28:12.129 INFO: Using heads: ['Default']
2025-11-07 12:28:12.129 INFO: Using the key specifications to parse data:
2025-11-07 12:28:12.129 INFO: Default: KeySpecification(info_keys={'energy': 'dft_energy', 'stress': 'stress', 'virials': 'REF_virials', 'dipole': 'dipole', 'head': 'head', 'elec_temp': 'elec_temp', 'total_charge': 'total_charge', 'polarizability': 'polarizability', 'total_spin': 'total_spin'}, arrays_keys={'forces': 'dft_forces', 'charges': 'REF_charges'})
2025-11-07 12:28:12.129 INFO: =============    Processing head Default     ===========
2025-11-07 12:28:12.546 WARNING: Since ASE version 3.23.0b1, using stress_key 'stress' is no longer safe when communicating between MACE and ASE. We recommend using a different key, rewriting 'stress' to 'REF_stress'. You need to use --stress_key='REF_stress' to specify the chosen key name.
2025-11-07 12:28:12.577 INFO: Training set 1/1 [energy: 927, stress: 928, virials: 0, dipole components: 0, head: 928, elec_temp: 0, total_charge: 0, polarizability: 0, total_spin: 0, forces: 927, charges: 0]
2025-11-07 12:28:12.582 INFO: Total Training set [energy: 927, stress: 928, virials: 0, dipole components: 0, head: 928, elec_temp: 0, total_charge: 0, polarizability: 0, total_spin: 0, forces: 927, charges: 0]
2025-11-07 12:28:12.643 WARNING: Since ASE version 3.23.0b1, using stress_key 'stress' is no longer safe when communicating between MACE and ASE. We recommend using a different key, rewriting 'stress' to 'REF_stress'. You need to use --stress_key='REF_stress' to specify the chosen key name.
2025-11-07 12:28:12.648 INFO: Validation set 1/1 [energy: 115, stress: 115, virials: 0, dipole components: 0, head: 115, elec_temp: 0, total_charge: 0, polarizability: 0, total_spin: 0, forces: 115, charges: 0]
2025-11-07 12:28:12.648 INFO: Total Validation set [energy: 115, stress: 115, virials: 0, dipole components: 0, head: 115, elec_temp: 0, total_charge: 0, polarizability: 0, total_spin: 0, forces: 115, charges: 0]
2025-11-07 12:28:12.711 WARNING: Since ASE version 3.23.0b1, using stress_key 'stress' is no longer safe when communicating between MACE and ASE. We recommend using a different key, rewriting 'stress' to 'REF_stress'. You need to use --stress_key='REF_stress' to specify the chosen key name.
2025-11-07 12:28:12.715 INFO: Test set 1/1 [energy: 116, stress: 116, virials: 0, dipole components: 0, head: 116, elec_temp: 0, total_charge: 0, polarizability: 0, total_spin: 0, forces: 116, charges: 0]
2025-11-07 12:28:12.716 INFO: Total Test set [energy: 116, stress: 116, virials: 0, dipole components: 0, head: 116, elec_temp: 0, total_charge: 0, polarizability: 0, total_spin: 0, forces: 116, charges: 0]
2025-11-07 12:28:12.716 INFO: Total number of configurations: train=928, valid=115, tests=[sp_Default: 116],
2025-11-07 12:28:12.716 INFO: Using atomic numbers from command line argument
2025-11-07 12:28:12.716 INFO: Atomic Numbers used: [47]
2025-11-07 12:28:12.717 INFO: Isolated Atomic Energies (E0s) not in training file, using command line argument
2025-11-07 12:28:12.717 INFO: Atomic Energies used (z: eV) for head Default: {47: -2.670131299573519}
2025-11-07 12:28:12.717 INFO: Processing datasets for head 'Default'
2025-11-07 12:28:14.595 INFO: Combining 1 list datasets for head 'Default'
2025-11-07 12:28:14.822 INFO: Combining 1 list datasets for head 'Default_valid'
2025-11-07 12:28:14.823 INFO: Combined validation datasets for Default
2025-11-07 12:28:14.823 INFO: Head 'Default' training dataset size: 928
2025-11-07 12:28:14.824 INFO: Computing average number of neighbors
2025-11-07 12:28:19.835 INFO: Average number of neighbors: 49.59964750748287
2025-11-07 12:28:19.836 INFO: HEADS used: ['Default']
2025-11-07 12:28:19.836 INFO: During training the following quantities will be reported: energy, forces, stress
2025-11-07 12:28:19.836 INFO: ===========MODEL DETAILS===========
2025-11-07 12:28:22.665 INFO: Building model
2025-11-07 12:28:22.665 INFO: Message passing with 128 channels and max_L=1 (128x0e+128x1o)
2025-11-07 12:28:22.665 INFO: 2 layers, each with correlation order: 2 (body order: 3) and spherical harmonics up to: l=3
2025-11-07 12:28:22.665 INFO: 8 radial and 5 basis functions
2025-11-07 12:28:22.665 INFO: Radial cutoff: 6.0 A (total receptive field for each atom: 12.0 A)
2025-11-07 12:28:22.665 INFO: Distance transform for radial basis functions: Agnesi
2025-11-07 12:28:22.666 INFO: Hidden irreps: 128x0e+128x1o
2025-11-07 12:28:22.666 INFO: Retrying ScaleShiftMACE without extra kwargs due to: MACE.__init__() got an unexpected keyword argument 'node_mlp_factory'
2025-11-07 12:28:23.421 INFO: Total number of parameters: 546192
2025-11-07 12:28:23.421 INFO: 
2025-11-07 12:28:23.421 INFO: ===========OPTIMIZER INFORMATION===========
2025-11-07 12:28:23.421 INFO: Using ADAM as parameter optimizer
2025-11-07 12:28:23.421 INFO: Batch size: 4
2025-11-07 12:28:23.421 INFO: Using Exponential Moving Average with decay: 0.99999
2025-11-07 12:28:23.421 INFO: Number of gradient updates: 23200
2025-11-07 12:28:23.421 INFO: Learning rate: 0.008, weight decay: 1e-08
2025-11-07 12:28:23.421 INFO: UniversalLoss(energy_weight=1.000, forces_weight=10.000, stress_weight=10.000)
2025-11-07 12:28:23.422 INFO: Stage Two (after 30 epochs) with loss function: UniversalLoss(energy_weight=1.000, forces_weight=50.000, stress_weight=10.000), with energy weight : 1.0, forces weight : 50.0, stress weight : 10.0 and learning rate : 0.001
2025-11-07 12:28:23.789 INFO: Using gradient clipping with tolerance=100.000
2025-11-07 12:28:23.789 INFO: 
2025-11-07 12:28:23.789 INFO: ===========TRAINING===========
2025-11-07 12:28:23.789 INFO: ===========MIXER CONFIG===========
2025-11-07 12:28:23.789 INFO: Readout: NonLinearReadoutBlock  [kan=OFF | kaf=OFF | libra=OFF]
2025-11-07 12:28:23.789 INFO: Interaction MLPs: node_librakan=OFF, edge_librakan=OFF
2025-11-07 12:28:23.789 INFO: ==================================
2025-11-07 12:28:23.789 INFO: Started training, reporting errors on validation set
2025-11-07 12:28:23.789 INFO: Loss metrics on validation set
2025-11-07 12:28:38.559 INFO: ===========VERIFYING SETTINGS===========
2025-11-07 12:28:38.559 WARNING: All of hidden_irreps, num_channels and max_L are specified
2025-11-07 12:28:38.559 WARNING: Using num_channels and max_L to create hidden_irreps: 128x0e+128x1o.
2025-11-07 12:28:38.559 INFO: Stage Two is activated as start_stage_two was defined
2025-11-07 12:28:38.559 INFO: MACE version: 0.3.14
2025-11-07 12:28:38.590 INFO: CUDA version: 11.8, CUDA device: 0
2025-11-07 12:28:38.625 INFO: ===========LOADING INPUT DATA===========
2025-11-07 12:28:38.625 INFO: Using heads: ['Default']
2025-11-07 12:28:38.625 INFO: Using the key specifications to parse data:
2025-11-07 12:28:38.625 INFO: Default: KeySpecification(info_keys={'energy': 'dft_energy', 'stress': 'stress', 'virials': 'REF_virials', 'dipole': 'dipole', 'head': 'head', 'elec_temp': 'elec_temp', 'total_charge': 'total_charge', 'polarizability': 'polarizability', 'total_spin': 'total_spin'}, arrays_keys={'forces': 'dft_forces', 'charges': 'REF_charges'})
2025-11-07 12:28:38.625 INFO: =============    Processing head Default     ===========
2025-11-07 12:28:39.040 WARNING: Since ASE version 3.23.0b1, using stress_key 'stress' is no longer safe when communicating between MACE and ASE. We recommend using a different key, rewriting 'stress' to 'REF_stress'. You need to use --stress_key='REF_stress' to specify the chosen key name.
2025-11-07 12:28:39.072 INFO: Training set 1/1 [energy: 927, stress: 928, virials: 0, dipole components: 0, head: 928, elec_temp: 0, total_charge: 0, polarizability: 0, total_spin: 0, forces: 927, charges: 0]
2025-11-07 12:28:39.077 INFO: Total Training set [energy: 927, stress: 928, virials: 0, dipole components: 0, head: 928, elec_temp: 0, total_charge: 0, polarizability: 0, total_spin: 0, forces: 927, charges: 0]
2025-11-07 12:28:39.138 WARNING: Since ASE version 3.23.0b1, using stress_key 'stress' is no longer safe when communicating between MACE and ASE. We recommend using a different key, rewriting 'stress' to 'REF_stress'. You need to use --stress_key='REF_stress' to specify the chosen key name.
2025-11-07 12:28:39.142 INFO: Validation set 1/1 [energy: 115, stress: 115, virials: 0, dipole components: 0, head: 115, elec_temp: 0, total_charge: 0, polarizability: 0, total_spin: 0, forces: 115, charges: 0]
2025-11-07 12:28:39.143 INFO: Total Validation set [energy: 115, stress: 115, virials: 0, dipole components: 0, head: 115, elec_temp: 0, total_charge: 0, polarizability: 0, total_spin: 0, forces: 115, charges: 0]
2025-11-07 12:28:39.204 WARNING: Since ASE version 3.23.0b1, using stress_key 'stress' is no longer safe when communicating between MACE and ASE. We recommend using a different key, rewriting 'stress' to 'REF_stress'. You need to use --stress_key='REF_stress' to specify the chosen key name.
2025-11-07 12:28:39.208 INFO: Test set 1/1 [energy: 116, stress: 116, virials: 0, dipole components: 0, head: 116, elec_temp: 0, total_charge: 0, polarizability: 0, total_spin: 0, forces: 116, charges: 0]
2025-11-07 12:28:39.208 INFO: Total Test set [energy: 116, stress: 116, virials: 0, dipole components: 0, head: 116, elec_temp: 0, total_charge: 0, polarizability: 0, total_spin: 0, forces: 116, charges: 0]
2025-11-07 12:28:39.208 INFO: Total number of configurations: train=928, valid=115, tests=[sp_Default: 116],
2025-11-07 12:28:39.209 INFO: Using atomic numbers from command line argument
2025-11-07 12:28:39.209 INFO: Atomic Numbers used: [47]
2025-11-07 12:28:39.209 INFO: Isolated Atomic Energies (E0s) not in training file, using command line argument
2025-11-07 12:28:39.209 INFO: Atomic Energies used (z: eV) for head Default: {47: -2.670131299573519}
2025-11-07 12:28:39.209 INFO: Processing datasets for head 'Default'
2025-11-07 12:28:41.036 INFO: Combining 1 list datasets for head 'Default'
2025-11-07 12:28:41.258 INFO: Combining 1 list datasets for head 'Default_valid'
2025-11-07 12:28:41.258 INFO: Combined validation datasets for Default
2025-11-07 12:28:41.258 INFO: Head 'Default' training dataset size: 928
2025-11-07 12:28:41.259 INFO: Computing average number of neighbors
2025-11-07 12:28:46.945 INFO: Average number of neighbors: 49.59964750748287
2025-11-07 12:28:46.946 INFO: HEADS used: ['Default']
2025-11-07 12:28:46.946 INFO: During training the following quantities will be reported: energy, forces, stress
2025-11-07 12:28:46.946 INFO: ===========MODEL DETAILS===========
2025-11-07 12:28:49.862 INFO: Building model
2025-11-07 12:28:49.862 INFO: Message passing with 128 channels and max_L=1 (128x0e+128x1o)
2025-11-07 12:28:49.862 INFO: 2 layers, each with correlation order: 2 (body order: 3) and spherical harmonics up to: l=3
2025-11-07 12:28:49.862 INFO: 8 radial and 5 basis functions
2025-11-07 12:28:49.862 INFO: Radial cutoff: 6.0 A (total receptive field for each atom: 12.0 A)
2025-11-07 12:28:49.862 INFO: Distance transform for radial basis functions: Agnesi
2025-11-07 12:28:49.862 INFO: Hidden irreps: 128x0e+128x1o
2025-11-07 12:28:49.863 INFO: Retrying ScaleShiftMACE without extra kwargs due to: MACE.__init__() got an unexpected keyword argument 'node_mlp_factory'
2025-11-07 12:28:50.964 INFO: Total number of parameters: 546192
2025-11-07 12:28:50.964 INFO: 
2025-11-07 12:28:50.964 INFO: ===========OPTIMIZER INFORMATION===========
2025-11-07 12:28:50.964 INFO: Using ADAM as parameter optimizer
2025-11-07 12:28:50.964 INFO: Batch size: 4
2025-11-07 12:28:50.964 INFO: Using Exponential Moving Average with decay: 0.99999
2025-11-07 12:28:50.964 INFO: Number of gradient updates: 23200
2025-11-07 12:28:50.964 INFO: Learning rate: 0.008, weight decay: 1e-08
2025-11-07 12:28:50.965 INFO: UniversalLoss(energy_weight=1.000, forces_weight=10.000, stress_weight=10.000)
2025-11-07 12:28:50.965 INFO: Stage Two (after 30 epochs) with loss function: UniversalLoss(energy_weight=1.000, forces_weight=50.000, stress_weight=10.000), with energy weight : 1.0, forces weight : 50.0, stress weight : 10.0 and learning rate : 0.001
2025-11-07 12:28:51.058 INFO: Using gradient clipping with tolerance=100.000
2025-11-07 12:28:51.058 INFO: 
2025-11-07 12:28:51.059 INFO: ===========TRAINING===========
2025-11-07 12:28:51.059 INFO: ===========MIXER CONFIG===========
2025-11-07 12:28:51.059 INFO: Readout: NonLinearReadoutBlock  [kan=OFF | kaf=OFF | libra=OFF]
2025-11-07 12:28:51.059 INFO: Interaction MLPs: node_librakan=OFF, edge_librakan=OFF
2025-11-07 12:28:51.059 INFO: ==================================
2025-11-07 12:28:51.059 INFO: Started training, reporting errors on validation set
2025-11-07 12:28:51.059 INFO: Loss metrics on validation set
2025-11-07 12:48:13.041 INFO: ===========VERIFYING SETTINGS===========
2025-11-07 12:48:13.041 WARNING: All of hidden_irreps, num_channels and max_L are specified
2025-11-07 12:48:13.042 WARNING: Using num_channels and max_L to create hidden_irreps: 128x0e+128x1o.
2025-11-07 12:48:13.042 INFO: Stage Two is activated as start_stage_two was defined
2025-11-07 12:48:13.042 INFO: MACE version: 0.3.14
2025-11-07 12:48:13.076 INFO: CUDA version: 11.8, CUDA device: 0
2025-11-07 12:48:13.113 INFO: ===========LOADING INPUT DATA===========
2025-11-07 12:48:13.113 INFO: Using heads: ['Default']
2025-11-07 12:48:13.113 INFO: Using the key specifications to parse data:
2025-11-07 12:48:13.113 INFO: Default: KeySpecification(info_keys={'energy': 'dft_energy', 'stress': 'stress', 'virials': 'REF_virials', 'dipole': 'dipole', 'head': 'head', 'elec_temp': 'elec_temp', 'total_charge': 'total_charge', 'polarizability': 'polarizability', 'total_spin': 'total_spin'}, arrays_keys={'forces': 'dft_forces', 'charges': 'REF_charges'})
2025-11-07 12:48:13.114 INFO: =============    Processing head Default     ===========
2025-11-07 12:48:13.545 WARNING: Since ASE version 3.23.0b1, using stress_key 'stress' is no longer safe when communicating between MACE and ASE. We recommend using a different key, rewriting 'stress' to 'REF_stress'. You need to use --stress_key='REF_stress' to specify the chosen key name.
2025-11-07 12:48:13.581 INFO: Training set 1/1 [energy: 927, stress: 928, virials: 0, dipole components: 0, head: 928, elec_temp: 0, total_charge: 0, polarizability: 0, total_spin: 0, forces: 927, charges: 0]
2025-11-07 12:48:13.585 INFO: Total Training set [energy: 927, stress: 928, virials: 0, dipole components: 0, head: 928, elec_temp: 0, total_charge: 0, polarizability: 0, total_spin: 0, forces: 927, charges: 0]
2025-11-07 12:48:13.651 WARNING: Since ASE version 3.23.0b1, using stress_key 'stress' is no longer safe when communicating between MACE and ASE. We recommend using a different key, rewriting 'stress' to 'REF_stress'. You need to use --stress_key='REF_stress' to specify the chosen key name.
2025-11-07 12:48:13.656 INFO: Validation set 1/1 [energy: 115, stress: 115, virials: 0, dipole components: 0, head: 115, elec_temp: 0, total_charge: 0, polarizability: 0, total_spin: 0, forces: 115, charges: 0]
2025-11-07 12:48:13.656 INFO: Total Validation set [energy: 115, stress: 115, virials: 0, dipole components: 0, head: 115, elec_temp: 0, total_charge: 0, polarizability: 0, total_spin: 0, forces: 115, charges: 0]
2025-11-07 12:48:13.722 WARNING: Since ASE version 3.23.0b1, using stress_key 'stress' is no longer safe when communicating between MACE and ASE. We recommend using a different key, rewriting 'stress' to 'REF_stress'. You need to use --stress_key='REF_stress' to specify the chosen key name.
2025-11-07 12:48:13.727 INFO: Test set 1/1 [energy: 116, stress: 116, virials: 0, dipole components: 0, head: 116, elec_temp: 0, total_charge: 0, polarizability: 0, total_spin: 0, forces: 116, charges: 0]
2025-11-07 12:48:13.728 INFO: Total Test set [energy: 116, stress: 116, virials: 0, dipole components: 0, head: 116, elec_temp: 0, total_charge: 0, polarizability: 0, total_spin: 0, forces: 116, charges: 0]
2025-11-07 12:48:13.728 INFO: Total number of configurations: train=928, valid=115, tests=[sp_Default: 116],
2025-11-07 12:48:13.728 INFO: Using atomic numbers from command line argument
2025-11-07 12:48:13.728 INFO: Atomic Numbers used: [47]
2025-11-07 12:48:13.728 INFO: Isolated Atomic Energies (E0s) not in training file, using command line argument
2025-11-07 12:48:13.729 INFO: Atomic Energies used (z: eV) for head Default: {47: -2.670131299573519}
2025-11-07 12:48:13.729 INFO: Processing datasets for head 'Default'
2025-11-07 12:48:15.749 INFO: Combining 1 list datasets for head 'Default'
2025-11-07 12:48:16.003 INFO: Combining 1 list datasets for head 'Default_valid'
2025-11-07 12:48:16.004 INFO: Combined validation datasets for Default
2025-11-07 12:48:16.004 INFO: Head 'Default' training dataset size: 928
2025-11-07 12:48:16.006 INFO: Computing average number of neighbors
2025-11-07 12:48:20.710 INFO: Average number of neighbors: 49.59964750748287
2025-11-07 12:48:20.710 INFO: HEADS used: ['Default']
2025-11-07 12:48:20.710 INFO: During training the following quantities will be reported: energy, forces, stress
2025-11-07 12:48:20.710 INFO: ===========MODEL DETAILS===========
2025-11-07 12:57:42.451 INFO: ===========VERIFYING SETTINGS===========
2025-11-07 12:57:42.452 WARNING: All of hidden_irreps, num_channels and max_L are specified
2025-11-07 12:57:42.452 WARNING: Using num_channels and max_L to create hidden_irreps: 128x0e+128x1o.
2025-11-07 12:57:42.452 INFO: Stage Two is activated as start_stage_two was defined
2025-11-07 12:57:42.452 INFO: MACE version: 0.3.14
2025-11-07 12:57:42.480 INFO: CUDA version: 11.8, CUDA device: 0
2025-11-07 12:57:42.513 INFO: ===========LOADING INPUT DATA===========
2025-11-07 12:57:42.513 INFO: Using heads: ['Default']
2025-11-07 12:57:42.513 INFO: Using the key specifications to parse data:
2025-11-07 12:57:42.513 INFO: Default: KeySpecification(info_keys={'energy': 'dft_energy', 'stress': 'stress', 'virials': 'REF_virials', 'dipole': 'dipole', 'head': 'head', 'elec_temp': 'elec_temp', 'total_charge': 'total_charge', 'polarizability': 'polarizability', 'total_spin': 'total_spin'}, arrays_keys={'forces': 'dft_forces', 'charges': 'REF_charges'})
2025-11-07 12:57:42.514 INFO: =============    Processing head Default     ===========
2025-11-07 12:57:42.936 WARNING: Since ASE version 3.23.0b1, using stress_key 'stress' is no longer safe when communicating between MACE and ASE. We recommend using a different key, rewriting 'stress' to 'REF_stress'. You need to use --stress_key='REF_stress' to specify the chosen key name.
2025-11-07 12:57:42.968 INFO: Training set 1/1 [energy: 927, stress: 928, virials: 0, dipole components: 0, head: 928, elec_temp: 0, total_charge: 0, polarizability: 0, total_spin: 0, forces: 927, charges: 0]
2025-11-07 12:57:42.973 INFO: Total Training set [energy: 927, stress: 928, virials: 0, dipole components: 0, head: 928, elec_temp: 0, total_charge: 0, polarizability: 0, total_spin: 0, forces: 927, charges: 0]
2025-11-07 12:57:43.036 WARNING: Since ASE version 3.23.0b1, using stress_key 'stress' is no longer safe when communicating between MACE and ASE. We recommend using a different key, rewriting 'stress' to 'REF_stress'. You need to use --stress_key='REF_stress' to specify the chosen key name.
2025-11-07 12:57:43.040 INFO: Validation set 1/1 [energy: 115, stress: 115, virials: 0, dipole components: 0, head: 115, elec_temp: 0, total_charge: 0, polarizability: 0, total_spin: 0, forces: 115, charges: 0]
2025-11-07 12:57:43.041 INFO: Total Validation set [energy: 115, stress: 115, virials: 0, dipole components: 0, head: 115, elec_temp: 0, total_charge: 0, polarizability: 0, total_spin: 0, forces: 115, charges: 0]
2025-11-07 12:57:43.104 WARNING: Since ASE version 3.23.0b1, using stress_key 'stress' is no longer safe when communicating between MACE and ASE. We recommend using a different key, rewriting 'stress' to 'REF_stress'. You need to use --stress_key='REF_stress' to specify the chosen key name.
2025-11-07 12:57:43.109 INFO: Test set 1/1 [energy: 116, stress: 116, virials: 0, dipole components: 0, head: 116, elec_temp: 0, total_charge: 0, polarizability: 0, total_spin: 0, forces: 116, charges: 0]
2025-11-07 12:57:43.110 INFO: Total Test set [energy: 116, stress: 116, virials: 0, dipole components: 0, head: 116, elec_temp: 0, total_charge: 0, polarizability: 0, total_spin: 0, forces: 116, charges: 0]
2025-11-07 12:57:43.110 INFO: Total number of configurations: train=928, valid=115, tests=[sp_Default: 116],
2025-11-07 12:57:43.110 INFO: Using atomic numbers from command line argument
2025-11-07 12:57:43.110 INFO: Atomic Numbers used: [47]
2025-11-07 12:57:43.110 INFO: Isolated Atomic Energies (E0s) not in training file, using command line argument
2025-11-07 12:57:43.110 INFO: Atomic Energies used (z: eV) for head Default: {47: -2.670131299573519}
2025-11-07 12:57:43.111 INFO: Processing datasets for head 'Default'
2025-11-07 12:57:44.937 INFO: Combining 1 list datasets for head 'Default'
2025-11-07 12:57:45.172 INFO: Combining 1 list datasets for head 'Default_valid'
2025-11-07 12:57:45.172 INFO: Combined validation datasets for Default
2025-11-07 12:57:45.172 INFO: Head 'Default' training dataset size: 928
2025-11-07 12:57:45.173 INFO: Computing average number of neighbors
2025-11-07 12:57:49.987 INFO: Average number of neighbors: 49.59964750748287
2025-11-07 12:57:49.987 INFO: HEADS used: ['Default']
2025-11-07 12:57:49.987 INFO: During training the following quantities will be reported: energy, forces, stress
2025-11-07 12:57:49.987 INFO: ===========MODEL DETAILS===========
2025-11-07 12:57:52.803 INFO: Building model
2025-11-07 12:57:52.803 INFO: Message passing with 128 channels and max_L=1 (128x0e+128x1o)
2025-11-07 12:57:52.803 INFO: 2 layers, each with correlation order: 2 (body order: 3) and spherical harmonics up to: l=3
2025-11-07 12:57:52.803 INFO: 8 radial and 5 basis functions
2025-11-07 12:57:52.803 INFO: Radial cutoff: 6.0 A (total receptive field for each atom: 12.0 A)
2025-11-07 12:57:52.803 INFO: Distance transform for radial basis functions: Agnesi
2025-11-07 12:57:52.803 INFO: Hidden irreps: 128x0e+128x1o
2025-11-07 12:58:08.968 INFO: ===========VERIFYING SETTINGS===========
2025-11-07 12:58:08.968 WARNING: All of hidden_irreps, num_channels and max_L are specified
2025-11-07 12:58:08.968 WARNING: Using num_channels and max_L to create hidden_irreps: 128x0e+128x1o.
2025-11-07 12:58:08.968 INFO: Stage Two is activated as start_stage_two was defined
2025-11-07 12:58:08.968 INFO: MACE version: 0.3.14
2025-11-07 12:58:08.996 INFO: CUDA version: 11.8, CUDA device: 0
2025-11-07 12:58:09.030 INFO: ===========LOADING INPUT DATA===========
2025-11-07 12:58:09.030 INFO: Using heads: ['Default']
2025-11-07 12:58:09.030 INFO: Using the key specifications to parse data:
2025-11-07 12:58:09.030 INFO: Default: KeySpecification(info_keys={'energy': 'dft_energy', 'stress': 'stress', 'virials': 'REF_virials', 'dipole': 'dipole', 'head': 'head', 'elec_temp': 'elec_temp', 'total_charge': 'total_charge', 'polarizability': 'polarizability', 'total_spin': 'total_spin'}, arrays_keys={'forces': 'dft_forces', 'charges': 'REF_charges'})
2025-11-07 12:58:09.031 INFO: =============    Processing head Default     ===========
2025-11-07 12:58:09.445 WARNING: Since ASE version 3.23.0b1, using stress_key 'stress' is no longer safe when communicating between MACE and ASE. We recommend using a different key, rewriting 'stress' to 'REF_stress'. You need to use --stress_key='REF_stress' to specify the chosen key name.
2025-11-07 12:58:09.478 INFO: Training set 1/1 [energy: 927, stress: 928, virials: 0, dipole components: 0, head: 928, elec_temp: 0, total_charge: 0, polarizability: 0, total_spin: 0, forces: 927, charges: 0]
2025-11-07 12:58:09.482 INFO: Total Training set [energy: 927, stress: 928, virials: 0, dipole components: 0, head: 928, elec_temp: 0, total_charge: 0, polarizability: 0, total_spin: 0, forces: 927, charges: 0]
2025-11-07 12:58:09.542 WARNING: Since ASE version 3.23.0b1, using stress_key 'stress' is no longer safe when communicating between MACE and ASE. We recommend using a different key, rewriting 'stress' to 'REF_stress'. You need to use --stress_key='REF_stress' to specify the chosen key name.
2025-11-07 12:58:09.546 INFO: Validation set 1/1 [energy: 115, stress: 115, virials: 0, dipole components: 0, head: 115, elec_temp: 0, total_charge: 0, polarizability: 0, total_spin: 0, forces: 115, charges: 0]
2025-11-07 12:58:09.547 INFO: Total Validation set [energy: 115, stress: 115, virials: 0, dipole components: 0, head: 115, elec_temp: 0, total_charge: 0, polarizability: 0, total_spin: 0, forces: 115, charges: 0]
2025-11-07 12:58:09.610 WARNING: Since ASE version 3.23.0b1, using stress_key 'stress' is no longer safe when communicating between MACE and ASE. We recommend using a different key, rewriting 'stress' to 'REF_stress'. You need to use --stress_key='REF_stress' to specify the chosen key name.
2025-11-07 12:58:09.614 INFO: Test set 1/1 [energy: 116, stress: 116, virials: 0, dipole components: 0, head: 116, elec_temp: 0, total_charge: 0, polarizability: 0, total_spin: 0, forces: 116, charges: 0]
2025-11-07 12:58:09.615 INFO: Total Test set [energy: 116, stress: 116, virials: 0, dipole components: 0, head: 116, elec_temp: 0, total_charge: 0, polarizability: 0, total_spin: 0, forces: 116, charges: 0]
2025-11-07 12:58:09.615 INFO: Total number of configurations: train=928, valid=115, tests=[sp_Default: 116],
2025-11-07 12:58:09.615 INFO: Using atomic numbers from command line argument
2025-11-07 12:58:09.616 INFO: Atomic Numbers used: [47]
2025-11-07 12:58:09.616 INFO: Isolated Atomic Energies (E0s) not in training file, using command line argument
2025-11-07 12:58:09.616 INFO: Atomic Energies used (z: eV) for head Default: {47: -2.670131299573519}
2025-11-07 12:58:09.616 INFO: Processing datasets for head 'Default'
2025-11-07 12:58:11.468 INFO: Combining 1 list datasets for head 'Default'
2025-11-07 12:58:11.703 INFO: Combining 1 list datasets for head 'Default_valid'
2025-11-07 12:58:11.703 INFO: Combined validation datasets for Default
2025-11-07 12:58:11.703 INFO: Head 'Default' training dataset size: 928
2025-11-07 12:58:11.704 INFO: Computing average number of neighbors
2025-11-07 12:58:16.470 INFO: Average number of neighbors: 49.59964750748287
2025-11-07 12:58:16.471 INFO: HEADS used: ['Default']
2025-11-07 12:58:16.471 INFO: During training the following quantities will be reported: energy, forces, stress
2025-11-07 12:58:16.471 INFO: ===========MODEL DETAILS===========
2025-11-07 12:58:19.232 INFO: Building model
2025-11-07 12:58:19.232 INFO: Message passing with 128 channels and max_L=1 (128x0e+128x1o)
2025-11-07 12:58:19.232 INFO: 2 layers, each with correlation order: 2 (body order: 3) and spherical harmonics up to: l=3
2025-11-07 12:58:19.232 INFO: 8 radial and 5 basis functions
2025-11-07 12:58:19.232 INFO: Radial cutoff: 6.0 A (total receptive field for each atom: 12.0 A)
2025-11-07 12:58:19.232 INFO: Distance transform for radial basis functions: Agnesi
2025-11-07 12:58:19.232 INFO: Hidden irreps: 128x0e+128x1o
2025-11-07 13:11:55.632 INFO: ===========VERIFYING SETTINGS===========
2025-11-07 13:11:55.632 WARNING: All of hidden_irreps, num_channels and max_L are specified
2025-11-07 13:11:55.632 WARNING: Using num_channels and max_L to create hidden_irreps: 128x0e+128x1o.
2025-11-07 13:11:55.632 INFO: Stage Two is activated as start_stage_two was defined
2025-11-07 13:11:55.632 INFO: MACE version: 0.3.14
2025-11-07 13:11:55.664 INFO: CUDA version: 11.8, CUDA device: 0
2025-11-07 13:11:55.703 INFO: ===========LOADING INPUT DATA===========
2025-11-07 13:11:55.703 INFO: Using heads: ['Default']
2025-11-07 13:11:55.703 INFO: Using the key specifications to parse data:
2025-11-07 13:11:55.703 INFO: Default: KeySpecification(info_keys={'energy': 'dft_energy', 'stress': 'stress', 'virials': 'REF_virials', 'dipole': 'dipole', 'head': 'head', 'elec_temp': 'elec_temp', 'total_charge': 'total_charge', 'polarizability': 'polarizability', 'total_spin': 'total_spin'}, arrays_keys={'forces': 'dft_forces', 'charges': 'REF_charges'})
2025-11-07 13:11:55.703 INFO: =============    Processing head Default     ===========
2025-11-07 13:11:56.142 WARNING: Since ASE version 3.23.0b1, using stress_key 'stress' is no longer safe when communicating between MACE and ASE. We recommend using a different key, rewriting 'stress' to 'REF_stress'. You need to use --stress_key='REF_stress' to specify the chosen key name.
2025-11-07 13:11:56.208 INFO: Training set 1/1 [energy: 927, stress: 928, virials: 0, dipole components: 0, head: 928, elec_temp: 0, total_charge: 0, polarizability: 0, total_spin: 0, forces: 927, charges: 0]
2025-11-07 13:11:56.213 INFO: Total Training set [energy: 927, stress: 928, virials: 0, dipole components: 0, head: 928, elec_temp: 0, total_charge: 0, polarizability: 0, total_spin: 0, forces: 927, charges: 0]
2025-11-07 13:11:56.281 WARNING: Since ASE version 3.23.0b1, using stress_key 'stress' is no longer safe when communicating between MACE and ASE. We recommend using a different key, rewriting 'stress' to 'REF_stress'. You need to use --stress_key='REF_stress' to specify the chosen key name.
2025-11-07 13:11:56.285 INFO: Validation set 1/1 [energy: 115, stress: 115, virials: 0, dipole components: 0, head: 115, elec_temp: 0, total_charge: 0, polarizability: 0, total_spin: 0, forces: 115, charges: 0]
2025-11-07 13:11:56.286 INFO: Total Validation set [energy: 115, stress: 115, virials: 0, dipole components: 0, head: 115, elec_temp: 0, total_charge: 0, polarizability: 0, total_spin: 0, forces: 115, charges: 0]
2025-11-07 13:11:56.352 WARNING: Since ASE version 3.23.0b1, using stress_key 'stress' is no longer safe when communicating between MACE and ASE. We recommend using a different key, rewriting 'stress' to 'REF_stress'. You need to use --stress_key='REF_stress' to specify the chosen key name.
2025-11-07 13:11:56.356 INFO: Test set 1/1 [energy: 116, stress: 116, virials: 0, dipole components: 0, head: 116, elec_temp: 0, total_charge: 0, polarizability: 0, total_spin: 0, forces: 116, charges: 0]
2025-11-07 13:11:56.357 INFO: Total Test set [energy: 116, stress: 116, virials: 0, dipole components: 0, head: 116, elec_temp: 0, total_charge: 0, polarizability: 0, total_spin: 0, forces: 116, charges: 0]
2025-11-07 13:11:56.357 INFO: Total number of configurations: train=928, valid=115, tests=[sp_Default: 116],
2025-11-07 13:11:56.358 INFO: Using atomic numbers from command line argument
2025-11-07 13:11:56.358 INFO: Atomic Numbers used: [47]
2025-11-07 13:11:56.358 INFO: Isolated Atomic Energies (E0s) not in training file, using command line argument
2025-11-07 13:11:56.358 INFO: Atomic Energies used (z: eV) for head Default: {47: -2.670131299573519}
2025-11-07 13:11:56.358 INFO: Processing datasets for head 'Default'
2025-11-07 13:11:58.298 INFO: Combining 1 list datasets for head 'Default'
2025-11-07 13:11:58.541 INFO: Combining 1 list datasets for head 'Default_valid'
2025-11-07 13:11:58.541 INFO: Combined validation datasets for Default
2025-11-07 13:11:58.541 INFO: Head 'Default' training dataset size: 928
2025-11-07 13:11:58.542 INFO: Computing average number of neighbors
2025-11-07 13:12:03.236 INFO: Average number of neighbors: 49.59964750748287
2025-11-07 13:12:03.236 INFO: HEADS used: ['Default']
2025-11-07 13:12:03.236 INFO: During training the following quantities will be reported: energy, forces, stress
2025-11-07 13:12:03.236 INFO: ===========MODEL DETAILS===========
2025-11-07 13:12:06.042 INFO: Building model
2025-11-07 13:12:06.042 INFO: Message passing with 128 channels and max_L=1 (128x0e+128x1o)
2025-11-07 13:12:06.043 INFO: 2 layers, each with correlation order: 2 (body order: 3) and spherical harmonics up to: l=3
2025-11-07 13:12:06.043 INFO: 8 radial and 5 basis functions
2025-11-07 13:12:06.043 INFO: Radial cutoff: 6.0 A (total receptive field for each atom: 12.0 A)
2025-11-07 13:12:06.043 INFO: Distance transform for radial basis functions: Agnesi
2025-11-07 13:12:06.043 INFO: Hidden irreps: 128x0e+128x1o
2025-11-07 14:39:19.067 INFO: ===========VERIFYING SETTINGS===========
2025-11-07 14:39:19.067 WARNING: All of hidden_irreps, num_channels and max_L are specified
2025-11-07 14:39:19.069 WARNING: Using num_channels and max_L to create hidden_irreps: 128x0e+128x1o.
2025-11-07 14:39:19.069 INFO: Stage Two is activated as start_stage_two was defined
2025-11-07 14:39:19.070 INFO: MACE version: 0.3.14
2025-11-07 14:39:19.103 INFO: CUDA version: 11.8, CUDA device: 0
2025-11-07 14:39:19.140 INFO: ===========LOADING INPUT DATA===========
2025-11-07 14:39:19.140 INFO: Using heads: ['Default']
2025-11-07 14:39:19.140 INFO: Using the key specifications to parse data:
2025-11-07 14:39:19.141 INFO: Default: KeySpecification(info_keys={'energy': 'dft_energy', 'stress': 'stress', 'virials': 'REF_virials', 'dipole': 'dipole', 'head': 'head', 'elec_temp': 'elec_temp', 'total_charge': 'total_charge', 'polarizability': 'polarizability', 'total_spin': 'total_spin'}, arrays_keys={'forces': 'dft_forces', 'charges': 'REF_charges'})
2025-11-07 14:39:19.141 INFO: =============    Processing head Default     ===========
2025-11-07 14:39:19.586 WARNING: Since ASE version 3.23.0b1, using stress_key 'stress' is no longer safe when communicating between MACE and ASE. We recommend using a different key, rewriting 'stress' to 'REF_stress'. You need to use --stress_key='REF_stress' to specify the chosen key name.
2025-11-07 14:39:19.621 INFO: Training set 1/1 [energy: 927, stress: 928, virials: 0, dipole components: 0, head: 928, elec_temp: 0, total_charge: 0, polarizability: 0, total_spin: 0, forces: 927, charges: 0]
2025-11-07 14:39:19.625 INFO: Total Training set [energy: 927, stress: 928, virials: 0, dipole components: 0, head: 928, elec_temp: 0, total_charge: 0, polarizability: 0, total_spin: 0, forces: 927, charges: 0]
2025-11-07 14:39:19.691 WARNING: Since ASE version 3.23.0b1, using stress_key 'stress' is no longer safe when communicating between MACE and ASE. We recommend using a different key, rewriting 'stress' to 'REF_stress'. You need to use --stress_key='REF_stress' to specify the chosen key name.
2025-11-07 14:39:19.697 INFO: Validation set 1/1 [energy: 115, stress: 115, virials: 0, dipole components: 0, head: 115, elec_temp: 0, total_charge: 0, polarizability: 0, total_spin: 0, forces: 115, charges: 0]
2025-11-07 14:39:19.698 INFO: Total Validation set [energy: 115, stress: 115, virials: 0, dipole components: 0, head: 115, elec_temp: 0, total_charge: 0, polarizability: 0, total_spin: 0, forces: 115, charges: 0]
2025-11-07 14:39:19.767 WARNING: Since ASE version 3.23.0b1, using stress_key 'stress' is no longer safe when communicating between MACE and ASE. We recommend using a different key, rewriting 'stress' to 'REF_stress'. You need to use --stress_key='REF_stress' to specify the chosen key name.
2025-11-07 14:39:19.771 INFO: Test set 1/1 [energy: 116, stress: 116, virials: 0, dipole components: 0, head: 116, elec_temp: 0, total_charge: 0, polarizability: 0, total_spin: 0, forces: 116, charges: 0]
2025-11-07 14:39:19.773 INFO: Total Test set [energy: 116, stress: 116, virials: 0, dipole components: 0, head: 116, elec_temp: 0, total_charge: 0, polarizability: 0, total_spin: 0, forces: 116, charges: 0]
2025-11-07 14:39:19.773 INFO: Total number of configurations: train=928, valid=115, tests=[sp_Default: 116],
2025-11-07 14:39:19.773 INFO: Using atomic numbers from command line argument
2025-11-07 14:39:19.773 INFO: Atomic Numbers used: [47]
2025-11-07 14:39:19.773 INFO: Isolated Atomic Energies (E0s) not in training file, using command line argument
2025-11-07 14:39:19.774 INFO: Atomic Energies used (z: eV) for head Default: {47: -2.670131299573519}
2025-11-07 14:39:19.774 INFO: Processing datasets for head 'Default'
2025-11-07 14:39:22.458 INFO: Combining 1 list datasets for head 'Default'
2025-11-07 14:39:22.792 INFO: Combining 1 list datasets for head 'Default_valid'
2025-11-07 14:39:22.792 INFO: Combined validation datasets for Default
2025-11-07 14:39:22.792 INFO: Head 'Default' training dataset size: 928
2025-11-07 14:39:22.793 INFO: Computing average number of neighbors
2025-11-07 14:39:27.664 INFO: Average number of neighbors: 49.59964750748287
2025-11-07 14:39:27.664 INFO: HEADS used: ['Default']
2025-11-07 14:39:27.665 INFO: During training the following quantities will be reported: energy, forces, stress
2025-11-07 14:39:27.665 INFO: ===========MODEL DETAILS===========
2025-11-07 14:39:30.588 INFO: Building model
2025-11-07 14:39:30.588 INFO: Message passing with 128 channels and max_L=1 (128x0e+128x1o)
2025-11-07 14:39:30.588 INFO: 2 layers, each with correlation order: 2 (body order: 3) and spherical harmonics up to: l=3
2025-11-07 14:39:30.588 INFO: 8 radial and 5 basis functions
2025-11-07 14:39:30.588 INFO: Radial cutoff: 6.0 A (total receptive field for each atom: 12.0 A)
2025-11-07 14:39:30.589 INFO: Distance transform for radial basis functions: Agnesi
2025-11-07 14:39:30.589 INFO: Hidden irreps: 128x0e+128x1o
2025-11-07 14:39:30.589 INFO: [resolver] readout=libra | node_libra=True | edge_libra=False
2025-11-07 14:53:00.585 INFO: ===========VERIFYING SETTINGS===========
2025-11-07 14:53:00.585 WARNING: All of hidden_irreps, num_channels and max_L are specified
2025-11-07 14:53:00.585 WARNING: Using num_channels and max_L to create hidden_irreps: 128x0e+128x1o.
2025-11-07 14:53:00.585 INFO: Stage Two is activated as start_stage_two was defined
2025-11-07 14:53:00.585 INFO: MACE version: 0.3.14
2025-11-07 14:53:00.618 INFO: CUDA version: 11.8, CUDA device: 0
2025-11-07 14:53:00.656 INFO: ===========LOADING INPUT DATA===========
2025-11-07 14:53:00.656 INFO: Using heads: ['Default']
2025-11-07 14:53:00.656 INFO: Using the key specifications to parse data:
2025-11-07 14:53:00.656 INFO: Default: KeySpecification(info_keys={'energy': 'dft_energy', 'stress': 'stress', 'virials': 'REF_virials', 'dipole': 'dipole', 'head': 'head', 'elec_temp': 'elec_temp', 'total_charge': 'total_charge', 'polarizability': 'polarizability', 'total_spin': 'total_spin'}, arrays_keys={'forces': 'dft_forces', 'charges': 'REF_charges'})
2025-11-07 14:53:00.656 INFO: =============    Processing head Default     ===========
2025-11-07 14:53:01.112 WARNING: Since ASE version 3.23.0b1, using stress_key 'stress' is no longer safe when communicating between MACE and ASE. We recommend using a different key, rewriting 'stress' to 'REF_stress'. You need to use --stress_key='REF_stress' to specify the chosen key name.
2025-11-07 14:53:01.148 INFO: Training set 1/1 [energy: 927, stress: 928, virials: 0, dipole components: 0, head: 928, elec_temp: 0, total_charge: 0, polarizability: 0, total_spin: 0, forces: 927, charges: 0]
2025-11-07 14:53:01.152 INFO: Total Training set [energy: 927, stress: 928, virials: 0, dipole components: 0, head: 928, elec_temp: 0, total_charge: 0, polarizability: 0, total_spin: 0, forces: 927, charges: 0]
2025-11-07 14:53:01.219 WARNING: Since ASE version 3.23.0b1, using stress_key 'stress' is no longer safe when communicating between MACE and ASE. We recommend using a different key, rewriting 'stress' to 'REF_stress'. You need to use --stress_key='REF_stress' to specify the chosen key name.
2025-11-07 14:53:01.225 INFO: Validation set 1/1 [energy: 115, stress: 115, virials: 0, dipole components: 0, head: 115, elec_temp: 0, total_charge: 0, polarizability: 0, total_spin: 0, forces: 115, charges: 0]
2025-11-07 14:53:01.226 INFO: Total Validation set [energy: 115, stress: 115, virials: 0, dipole components: 0, head: 115, elec_temp: 0, total_charge: 0, polarizability: 0, total_spin: 0, forces: 115, charges: 0]
2025-11-07 14:53:01.294 WARNING: Since ASE version 3.23.0b1, using stress_key 'stress' is no longer safe when communicating between MACE and ASE. We recommend using a different key, rewriting 'stress' to 'REF_stress'. You need to use --stress_key='REF_stress' to specify the chosen key name.
2025-11-07 14:53:01.299 INFO: Test set 1/1 [energy: 116, stress: 116, virials: 0, dipole components: 0, head: 116, elec_temp: 0, total_charge: 0, polarizability: 0, total_spin: 0, forces: 116, charges: 0]
2025-11-07 14:53:01.300 INFO: Total Test set [energy: 116, stress: 116, virials: 0, dipole components: 0, head: 116, elec_temp: 0, total_charge: 0, polarizability: 0, total_spin: 0, forces: 116, charges: 0]
2025-11-07 14:53:01.300 INFO: Total number of configurations: train=928, valid=115, tests=[sp_Default: 116],
2025-11-07 14:53:01.300 INFO: Using atomic numbers from command line argument
2025-11-07 14:53:01.300 INFO: Atomic Numbers used: [47]
2025-11-07 14:53:01.300 INFO: Isolated Atomic Energies (E0s) not in training file, using command line argument
2025-11-07 14:53:01.301 INFO: Atomic Energies used (z: eV) for head Default: {47: -2.670131299573519}
2025-11-07 14:53:01.301 INFO: Processing datasets for head 'Default'
2025-11-07 14:53:03.309 INFO: Combining 1 list datasets for head 'Default'
2025-11-07 14:53:03.553 INFO: Combining 1 list datasets for head 'Default_valid'
2025-11-07 14:53:03.553 INFO: Combined validation datasets for Default
2025-11-07 14:53:03.554 INFO: Head 'Default' training dataset size: 928
2025-11-07 14:53:03.554 INFO: Computing average number of neighbors
2025-11-07 14:53:08.320 INFO: Average number of neighbors: 49.59964750748287
2025-11-07 14:53:08.321 INFO: HEADS used: ['Default']
2025-11-07 14:53:08.321 INFO: During training the following quantities will be reported: energy, forces, stress
2025-11-07 14:53:08.321 INFO: ===========MODEL DETAILS===========
2025-11-07 14:53:11.238 INFO: Building model
2025-11-07 14:53:11.238 INFO: Message passing with 128 channels and max_L=1 (128x0e+128x1o)
2025-11-07 14:53:11.238 INFO: 2 layers, each with correlation order: 2 (body order: 3) and spherical harmonics up to: l=3
2025-11-07 14:53:11.238 INFO: 8 radial and 5 basis functions
2025-11-07 14:53:11.238 INFO: Radial cutoff: 6.0 A (total receptive field for each atom: 12.0 A)
2025-11-07 14:53:11.238 INFO: Distance transform for radial basis functions: Agnesi
2025-11-07 14:53:11.238 INFO: Hidden irreps: 128x0e+128x1o
2025-11-07 14:53:11.239 INFO: [resolver] readout=libra | node_libra=True | edge_libra=False
2025-11-07 15:10:10.485 INFO: ===========VERIFYING SETTINGS===========
2025-11-07 15:10:10.485 WARNING: All of hidden_irreps, num_channels and max_L are specified
2025-11-07 15:10:10.485 WARNING: Using num_channels and max_L to create hidden_irreps: 128x0e+128x1o.
2025-11-07 15:10:10.485 INFO: Stage Two is activated as start_stage_two was defined
2025-11-07 15:10:10.485 INFO: MACE version: 0.3.14
2025-11-07 15:10:10.517 INFO: CUDA version: 11.8, CUDA device: 0
2025-11-07 15:10:10.554 INFO: ===========LOADING INPUT DATA===========
2025-11-07 15:10:10.554 INFO: Using heads: ['Default']
2025-11-07 15:10:10.554 INFO: Using the key specifications to parse data:
2025-11-07 15:10:10.555 INFO: Default: KeySpecification(info_keys={'energy': 'dft_energy', 'stress': 'stress', 'virials': 'REF_virials', 'dipole': 'dipole', 'head': 'head', 'elec_temp': 'elec_temp', 'total_charge': 'total_charge', 'polarizability': 'polarizability', 'total_spin': 'total_spin'}, arrays_keys={'forces': 'dft_forces', 'charges': 'REF_charges'})
2025-11-07 15:10:10.555 INFO: =============    Processing head Default     ===========
2025-11-07 15:10:11.000 WARNING: Since ASE version 3.23.0b1, using stress_key 'stress' is no longer safe when communicating between MACE and ASE. We recommend using a different key, rewriting 'stress' to 'REF_stress'. You need to use --stress_key='REF_stress' to specify the chosen key name.
2025-11-07 15:10:11.035 INFO: Training set 1/1 [energy: 927, stress: 928, virials: 0, dipole components: 0, head: 928, elec_temp: 0, total_charge: 0, polarizability: 0, total_spin: 0, forces: 927, charges: 0]
2025-11-07 15:10:11.040 INFO: Total Training set [energy: 927, stress: 928, virials: 0, dipole components: 0, head: 928, elec_temp: 0, total_charge: 0, polarizability: 0, total_spin: 0, forces: 927, charges: 0]
2025-11-07 15:10:11.106 WARNING: Since ASE version 3.23.0b1, using stress_key 'stress' is no longer safe when communicating between MACE and ASE. We recommend using a different key, rewriting 'stress' to 'REF_stress'. You need to use --stress_key='REF_stress' to specify the chosen key name.
2025-11-07 15:10:11.110 INFO: Validation set 1/1 [energy: 115, stress: 115, virials: 0, dipole components: 0, head: 115, elec_temp: 0, total_charge: 0, polarizability: 0, total_spin: 0, forces: 115, charges: 0]
2025-11-07 15:10:11.111 INFO: Total Validation set [energy: 115, stress: 115, virials: 0, dipole components: 0, head: 115, elec_temp: 0, total_charge: 0, polarizability: 0, total_spin: 0, forces: 115, charges: 0]
2025-11-07 15:10:11.177 WARNING: Since ASE version 3.23.0b1, using stress_key 'stress' is no longer safe when communicating between MACE and ASE. We recommend using a different key, rewriting 'stress' to 'REF_stress'. You need to use --stress_key='REF_stress' to specify the chosen key name.
2025-11-07 15:10:11.181 INFO: Test set 1/1 [energy: 116, stress: 116, virials: 0, dipole components: 0, head: 116, elec_temp: 0, total_charge: 0, polarizability: 0, total_spin: 0, forces: 116, charges: 0]
2025-11-07 15:10:11.182 INFO: Total Test set [energy: 116, stress: 116, virials: 0, dipole components: 0, head: 116, elec_temp: 0, total_charge: 0, polarizability: 0, total_spin: 0, forces: 116, charges: 0]
2025-11-07 15:10:11.182 INFO: Total number of configurations: train=928, valid=115, tests=[sp_Default: 116],
2025-11-07 15:10:11.182 INFO: Using atomic numbers from command line argument
2025-11-07 15:10:11.182 INFO: Atomic Numbers used: [47]
2025-11-07 15:10:11.182 INFO: Isolated Atomic Energies (E0s) not in training file, using command line argument
2025-11-07 15:10:11.183 INFO: Atomic Energies used (z: eV) for head Default: {47: -2.670131299573519}
2025-11-07 15:10:11.183 INFO: Processing datasets for head 'Default'
2025-11-07 15:10:13.149 INFO: Combining 1 list datasets for head 'Default'
2025-11-07 15:10:13.394 INFO: Combining 1 list datasets for head 'Default_valid'
2025-11-07 15:10:13.394 INFO: Combined validation datasets for Default
2025-11-07 15:10:13.394 INFO: Head 'Default' training dataset size: 928
2025-11-07 15:10:13.395 INFO: Computing average number of neighbors
2025-11-07 15:10:18.390 INFO: Average number of neighbors: 49.59964750748287
2025-11-07 15:10:18.391 INFO: HEADS used: ['Default']
2025-11-07 15:10:18.391 INFO: During training the following quantities will be reported: energy, forces, stress
2025-11-07 15:10:18.391 INFO: ===========MODEL DETAILS===========
2025-11-07 15:10:22.361 INFO: Building model
2025-11-07 15:10:22.361 INFO: Message passing with 128 channels and max_L=1 (128x0e+128x1o)
2025-11-07 15:10:22.361 INFO: 2 layers, each with correlation order: 2 (body order: 3) and spherical harmonics up to: l=3
2025-11-07 15:10:22.361 INFO: 8 radial and 5 basis functions
2025-11-07 15:10:22.361 INFO: Radial cutoff: 6.0 A (total receptive field for each atom: 12.0 A)
2025-11-07 15:10:22.361 INFO: Distance transform for radial basis functions: Agnesi
2025-11-07 15:10:22.362 INFO: Hidden irreps: 128x0e+128x1o
2025-11-07 15:29:35.509 INFO: ===========VERIFYING SETTINGS===========
2025-11-07 15:29:35.510 WARNING: All of hidden_irreps, num_channels and max_L are specified
2025-11-07 15:29:35.510 WARNING: Using num_channels and max_L to create hidden_irreps: 128x0e+128x1o.
2025-11-07 15:29:35.510 INFO: Stage Two is activated as start_stage_two was defined
2025-11-07 15:29:35.510 INFO: MACE version: 0.3.14
2025-11-07 15:29:35.543 INFO: CUDA version: 11.8, CUDA device: 0
2025-11-07 15:29:35.580 INFO: ===========LOADING INPUT DATA===========
2025-11-07 15:29:35.580 INFO: Using heads: ['Default']
2025-11-07 15:29:35.580 INFO: Using the key specifications to parse data:
2025-11-07 15:29:35.580 INFO: Default: KeySpecification(info_keys={'energy': 'dft_energy', 'stress': 'stress', 'virials': 'REF_virials', 'dipole': 'dipole', 'head': 'head', 'elec_temp': 'elec_temp', 'total_charge': 'total_charge', 'polarizability': 'polarizability', 'total_spin': 'total_spin'}, arrays_keys={'forces': 'dft_forces', 'charges': 'REF_charges'})
2025-11-07 15:29:35.580 INFO: =============    Processing head Default     ===========
2025-11-07 15:29:36.039 WARNING: Since ASE version 3.23.0b1, using stress_key 'stress' is no longer safe when communicating between MACE and ASE. We recommend using a different key, rewriting 'stress' to 'REF_stress'. You need to use --stress_key='REF_stress' to specify the chosen key name.
2025-11-07 15:29:36.075 INFO: Training set 1/1 [energy: 927, stress: 928, virials: 0, dipole components: 0, head: 928, elec_temp: 0, total_charge: 0, polarizability: 0, total_spin: 0, forces: 927, charges: 0]
2025-11-07 15:29:36.081 INFO: Total Training set [energy: 927, stress: 928, virials: 0, dipole components: 0, head: 928, elec_temp: 0, total_charge: 0, polarizability: 0, total_spin: 0, forces: 927, charges: 0]
2025-11-07 15:29:36.149 WARNING: Since ASE version 3.23.0b1, using stress_key 'stress' is no longer safe when communicating between MACE and ASE. We recommend using a different key, rewriting 'stress' to 'REF_stress'. You need to use --stress_key='REF_stress' to specify the chosen key name.
2025-11-07 15:29:36.154 INFO: Validation set 1/1 [energy: 115, stress: 115, virials: 0, dipole components: 0, head: 115, elec_temp: 0, total_charge: 0, polarizability: 0, total_spin: 0, forces: 115, charges: 0]
2025-11-07 15:29:36.155 INFO: Total Validation set [energy: 115, stress: 115, virials: 0, dipole components: 0, head: 115, elec_temp: 0, total_charge: 0, polarizability: 0, total_spin: 0, forces: 115, charges: 0]
2025-11-07 15:29:36.227 WARNING: Since ASE version 3.23.0b1, using stress_key 'stress' is no longer safe when communicating between MACE and ASE. We recommend using a different key, rewriting 'stress' to 'REF_stress'. You need to use --stress_key='REF_stress' to specify the chosen key name.
2025-11-07 15:29:36.233 INFO: Test set 1/1 [energy: 116, stress: 116, virials: 0, dipole components: 0, head: 116, elec_temp: 0, total_charge: 0, polarizability: 0, total_spin: 0, forces: 116, charges: 0]
2025-11-07 15:29:36.234 INFO: Total Test set [energy: 116, stress: 116, virials: 0, dipole components: 0, head: 116, elec_temp: 0, total_charge: 0, polarizability: 0, total_spin: 0, forces: 116, charges: 0]
2025-11-07 15:29:36.235 INFO: Total number of configurations: train=928, valid=115, tests=[sp_Default: 116],
2025-11-07 15:29:36.235 INFO: Using atomic numbers from command line argument
2025-11-07 15:29:36.235 INFO: Atomic Numbers used: [47]
2025-11-07 15:29:36.235 INFO: Isolated Atomic Energies (E0s) not in training file, using command line argument
2025-11-07 15:29:36.236 INFO: Atomic Energies used (z: eV) for head Default: {47: -2.670131299573519}
2025-11-07 15:29:36.236 INFO: Processing datasets for head 'Default'
2025-11-07 15:29:38.861 INFO: Combining 1 list datasets for head 'Default'
2025-11-07 15:29:39.200 INFO: Combining 1 list datasets for head 'Default_valid'
2025-11-07 15:29:39.200 INFO: Combined validation datasets for Default
2025-11-07 15:29:39.201 INFO: Head 'Default' training dataset size: 928
2025-11-07 15:29:39.202 INFO: Computing average number of neighbors
2025-11-07 15:29:43.968 INFO: Average number of neighbors: 49.59964750748287
2025-11-07 15:29:43.969 INFO: HEADS used: ['Default']
2025-11-07 15:29:43.969 INFO: During training the following quantities will be reported: energy, forces, stress
2025-11-07 15:29:43.969 INFO: ===========MODEL DETAILS===========
2025-11-07 15:29:47.056 INFO: Building model
2025-11-07 15:29:47.057 INFO: Message passing with 128 channels and max_L=1 (128x0e+128x1o)
2025-11-07 15:29:47.057 INFO: 2 layers, each with correlation order: 2 (body order: 3) and spherical harmonics up to: l=3
2025-11-07 15:29:47.057 INFO: 8 radial and 5 basis functions
2025-11-07 15:29:47.057 INFO: Radial cutoff: 6.0 A (total receptive field for each atom: 12.0 A)
2025-11-07 15:29:47.057 INFO: Distance transform for radial basis functions: Agnesi
2025-11-07 15:29:47.057 INFO: Hidden irreps: 128x0e+128x1o
2025-11-07 15:48:24.577 INFO: ===========VERIFYING SETTINGS===========
2025-11-07 15:48:24.577 WARNING: All of hidden_irreps, num_channels and max_L are specified
2025-11-07 15:48:24.577 WARNING: Using num_channels and max_L to create hidden_irreps: 128x0e+128x1o.
2025-11-07 15:48:24.577 INFO: Stage Two is activated as start_stage_two was defined
2025-11-07 15:48:24.577 INFO: MACE version: 0.3.14
2025-11-07 15:48:24.610 INFO: CUDA version: 11.8, CUDA device: 0
2025-11-07 15:48:24.648 INFO: ===========LOADING INPUT DATA===========
2025-11-07 15:48:24.648 INFO: Using heads: ['Default']
2025-11-07 15:48:24.648 INFO: Using the key specifications to parse data:
2025-11-07 15:48:24.648 INFO: Default: KeySpecification(info_keys={'energy': 'dft_energy', 'stress': 'stress', 'virials': 'REF_virials', 'dipole': 'dipole', 'head': 'head', 'elec_temp': 'elec_temp', 'total_charge': 'total_charge', 'polarizability': 'polarizability', 'total_spin': 'total_spin'}, arrays_keys={'forces': 'dft_forces', 'charges': 'REF_charges'})
2025-11-07 15:48:24.648 INFO: =============    Processing head Default     ===========
2025-11-07 15:48:25.106 WARNING: Since ASE version 3.23.0b1, using stress_key 'stress' is no longer safe when communicating between MACE and ASE. We recommend using a different key, rewriting 'stress' to 'REF_stress'. You need to use --stress_key='REF_stress' to specify the chosen key name.
2025-11-07 15:48:25.152 INFO: Training set 1/1 [energy: 927, stress: 928, virials: 0, dipole components: 0, head: 928, elec_temp: 0, total_charge: 0, polarizability: 0, total_spin: 0, forces: 927, charges: 0]
2025-11-07 15:48:25.159 INFO: Total Training set [energy: 927, stress: 928, virials: 0, dipole components: 0, head: 928, elec_temp: 0, total_charge: 0, polarizability: 0, total_spin: 0, forces: 927, charges: 0]
2025-11-07 15:48:25.229 WARNING: Since ASE version 3.23.0b1, using stress_key 'stress' is no longer safe when communicating between MACE and ASE. We recommend using a different key, rewriting 'stress' to 'REF_stress'. You need to use --stress_key='REF_stress' to specify the chosen key name.
2025-11-07 15:48:25.237 INFO: Validation set 1/1 [energy: 115, stress: 115, virials: 0, dipole components: 0, head: 115, elec_temp: 0, total_charge: 0, polarizability: 0, total_spin: 0, forces: 115, charges: 0]
2025-11-07 15:48:25.238 INFO: Total Validation set [energy: 115, stress: 115, virials: 0, dipole components: 0, head: 115, elec_temp: 0, total_charge: 0, polarizability: 0, total_spin: 0, forces: 115, charges: 0]
2025-11-07 15:48:25.326 WARNING: Since ASE version 3.23.0b1, using stress_key 'stress' is no longer safe when communicating between MACE and ASE. We recommend using a different key, rewriting 'stress' to 'REF_stress'. You need to use --stress_key='REF_stress' to specify the chosen key name.
2025-11-07 15:48:25.331 INFO: Test set 1/1 [energy: 116, stress: 116, virials: 0, dipole components: 0, head: 116, elec_temp: 0, total_charge: 0, polarizability: 0, total_spin: 0, forces: 116, charges: 0]
2025-11-07 15:48:25.332 INFO: Total Test set [energy: 116, stress: 116, virials: 0, dipole components: 0, head: 116, elec_temp: 0, total_charge: 0, polarizability: 0, total_spin: 0, forces: 116, charges: 0]
2025-11-07 15:48:25.332 INFO: Total number of configurations: train=928, valid=115, tests=[sp_Default: 116],
2025-11-07 15:48:25.332 INFO: Using atomic numbers from command line argument
2025-11-07 15:48:25.332 INFO: Atomic Numbers used: [47]
2025-11-07 15:48:25.332 INFO: Isolated Atomic Energies (E0s) not in training file, using command line argument
2025-11-07 15:48:25.333 INFO: Atomic Energies used (z: eV) for head Default: {47: -2.670131299573519}
2025-11-07 15:48:25.333 INFO: Processing datasets for head 'Default'
2025-11-07 15:48:27.360 INFO: Combining 1 list datasets for head 'Default'
2025-11-07 15:48:27.611 INFO: Combining 1 list datasets for head 'Default_valid'
2025-11-07 15:48:27.611 INFO: Combined validation datasets for Default
2025-11-07 15:48:27.611 INFO: Head 'Default' training dataset size: 928
2025-11-07 15:48:27.612 INFO: Computing average number of neighbors
2025-11-07 15:48:32.482 INFO: Average number of neighbors: 49.59964750748287
2025-11-07 15:48:32.482 INFO: HEADS used: ['Default']
2025-11-07 15:48:32.482 INFO: During training the following quantities will be reported: energy, forces, stress
2025-11-07 15:48:32.482 INFO: ===========MODEL DETAILS===========
2025-11-07 15:48:35.436 INFO: Building model
2025-11-07 15:48:35.436 INFO: Message passing with 128 channels and max_L=1 (128x0e+128x1o)
2025-11-07 15:48:35.436 INFO: 2 layers, each with correlation order: 2 (body order: 3) and spherical harmonics up to: l=3
2025-11-07 15:48:35.436 INFO: 8 radial and 5 basis functions
2025-11-07 15:48:35.437 INFO: Radial cutoff: 6.0 A (total receptive field for each atom: 12.0 A)
2025-11-07 15:48:35.437 INFO: Distance transform for radial basis functions: Agnesi
2025-11-07 15:48:35.437 INFO: Hidden irreps: 128x0e+128x1o
2025-11-07 15:48:36.487 INFO: Total number of parameters: 547250
2025-11-07 15:48:36.487 INFO: 
2025-11-07 15:48:36.487 INFO: ===========OPTIMIZER INFORMATION===========
2025-11-07 15:48:36.487 INFO: Using ADAM as parameter optimizer
2025-11-07 15:48:36.487 INFO: Batch size: 4
2025-11-07 15:48:36.487 INFO: Using Exponential Moving Average with decay: 0.99999
2025-11-07 15:48:36.488 INFO: Number of gradient updates: 23200
2025-11-07 15:48:36.488 INFO: Learning rate: 0.008, weight decay: 1e-08
2025-11-07 15:48:36.488 INFO: UniversalLoss(energy_weight=1.000, forces_weight=10.000, stress_weight=10.000)
2025-11-07 15:48:36.488 INFO: Stage Two (after 30 epochs) with loss function: UniversalLoss(energy_weight=1.000, forces_weight=50.000, stress_weight=10.000), with energy weight : 1.0, forces weight : 50.0, stress weight : 10.0 and learning rate : 0.001
2025-11-07 15:48:36.585 INFO: Using gradient clipping with tolerance=100.000
2025-11-07 15:48:36.585 INFO: 
2025-11-07 15:48:36.585 INFO: ===========TRAINING===========
2025-11-07 15:48:36.586 INFO: ===========MIXER CONFIG===========
2025-11-07 15:48:36.586 INFO: Readout: NonLinearReadoutBlock  [kan=OFF | kaf=OFF | libra=OFF]
2025-11-07 15:48:36.586 INFO: Interaction MLPs: node_librakan=ON , edge_librakan=OFF
2025-11-07 15:48:36.586 INFO: ==================================
2025-11-07 15:48:36.586 INFO: Started training, reporting errors on validation set
2025-11-07 15:48:36.586 INFO: Loss metrics on validation set
2025-11-07 16:09:08.168 INFO: ===========VERIFYING SETTINGS===========
2025-11-07 16:09:08.169 WARNING: All of hidden_irreps, num_channels and max_L are specified
2025-11-07 16:09:08.170 WARNING: Using num_channels and max_L to create hidden_irreps: 128x0e+128x1o.
2025-11-07 16:09:08.170 INFO: Stage Two is activated as start_stage_two was defined
2025-11-07 16:09:08.170 INFO: MACE version: 0.3.14
2025-11-07 16:09:08.201 INFO: CUDA version: 11.8, CUDA device: 0
2025-11-07 16:09:08.239 INFO: ===========LOADING INPUT DATA===========
2025-11-07 16:09:08.239 INFO: Using heads: ['Default']
2025-11-07 16:09:08.239 INFO: Using the key specifications to parse data:
2025-11-07 16:09:08.239 INFO: Default: KeySpecification(info_keys={'energy': 'dft_energy', 'stress': 'stress', 'virials': 'REF_virials', 'dipole': 'dipole', 'head': 'head', 'elec_temp': 'elec_temp', 'total_charge': 'total_charge', 'polarizability': 'polarizability', 'total_spin': 'total_spin'}, arrays_keys={'forces': 'dft_forces', 'charges': 'REF_charges'})
2025-11-07 16:09:08.239 INFO: =============    Processing head Default     ===========
2025-11-07 16:09:08.680 WARNING: Since ASE version 3.23.0b1, using stress_key 'stress' is no longer safe when communicating between MACE and ASE. We recommend using a different key, rewriting 'stress' to 'REF_stress'. You need to use --stress_key='REF_stress' to specify the chosen key name.
2025-11-07 16:09:08.715 INFO: Training set 1/1 [energy: 927, stress: 928, virials: 0, dipole components: 0, head: 928, elec_temp: 0, total_charge: 0, polarizability: 0, total_spin: 0, forces: 927, charges: 0]
2025-11-07 16:09:08.721 INFO: Total Training set [energy: 927, stress: 928, virials: 0, dipole components: 0, head: 928, elec_temp: 0, total_charge: 0, polarizability: 0, total_spin: 0, forces: 927, charges: 0]
2025-11-07 16:09:08.788 WARNING: Since ASE version 3.23.0b1, using stress_key 'stress' is no longer safe when communicating between MACE and ASE. We recommend using a different key, rewriting 'stress' to 'REF_stress'. You need to use --stress_key='REF_stress' to specify the chosen key name.
2025-11-07 16:09:08.792 INFO: Validation set 1/1 [energy: 115, stress: 115, virials: 0, dipole components: 0, head: 115, elec_temp: 0, total_charge: 0, polarizability: 0, total_spin: 0, forces: 115, charges: 0]
2025-11-07 16:09:08.793 INFO: Total Validation set [energy: 115, stress: 115, virials: 0, dipole components: 0, head: 115, elec_temp: 0, total_charge: 0, polarizability: 0, total_spin: 0, forces: 115, charges: 0]
2025-11-07 16:09:08.858 WARNING: Since ASE version 3.23.0b1, using stress_key 'stress' is no longer safe when communicating between MACE and ASE. We recommend using a different key, rewriting 'stress' to 'REF_stress'. You need to use --stress_key='REF_stress' to specify the chosen key name.
2025-11-07 16:09:08.862 INFO: Test set 1/1 [energy: 116, stress: 116, virials: 0, dipole components: 0, head: 116, elec_temp: 0, total_charge: 0, polarizability: 0, total_spin: 0, forces: 116, charges: 0]
2025-11-07 16:09:08.863 INFO: Total Test set [energy: 116, stress: 116, virials: 0, dipole components: 0, head: 116, elec_temp: 0, total_charge: 0, polarizability: 0, total_spin: 0, forces: 116, charges: 0]
2025-11-07 16:09:08.863 INFO: Total number of configurations: train=928, valid=115, tests=[sp_Default: 116],
2025-11-07 16:09:08.863 INFO: Using atomic numbers from command line argument
2025-11-07 16:09:08.864 INFO: Atomic Numbers used: [47]
2025-11-07 16:09:08.864 INFO: Isolated Atomic Energies (E0s) not in training file, using command line argument
2025-11-07 16:09:08.864 INFO: Atomic Energies used (z: eV) for head Default: {47: -2.670131299573519}
2025-11-07 16:09:08.864 INFO: Processing datasets for head 'Default'
2025-11-07 16:09:10.863 INFO: Combining 1 list datasets for head 'Default'
2025-11-07 16:09:11.116 INFO: Combining 1 list datasets for head 'Default_valid'
2025-11-07 16:09:11.116 INFO: Combined validation datasets for Default
2025-11-07 16:09:11.116 INFO: Head 'Default' training dataset size: 928
2025-11-07 16:09:11.117 INFO: Computing average number of neighbors
2025-11-07 16:09:15.772 INFO: Average number of neighbors: 49.59964750748287
2025-11-07 16:09:15.772 INFO: HEADS used: ['Default']
2025-11-07 16:09:15.772 INFO: During training the following quantities will be reported: energy, forces, stress
2025-11-07 16:09:15.772 INFO: ===========MODEL DETAILS===========
2025-11-07 16:09:18.566 INFO: Building model
2025-11-07 16:09:18.567 INFO: Message passing with 128 channels and max_L=1 (128x0e+128x1o)
2025-11-07 16:09:18.567 INFO: 2 layers, each with correlation order: 2 (body order: 3) and spherical harmonics up to: l=3
2025-11-07 16:09:18.567 INFO: 8 radial and 5 basis functions
2025-11-07 16:09:18.567 INFO: Radial cutoff: 6.0 A (total receptive field for each atom: 12.0 A)
2025-11-07 16:09:18.567 INFO: Distance transform for radial basis functions: Agnesi
2025-11-07 16:09:18.567 INFO: Hidden irreps: 128x0e+128x1o
2025-11-07 16:09:19.356 INFO: Total number of parameters: 2334646
2025-11-07 16:09:19.357 INFO: 
2025-11-07 16:09:19.357 INFO: ===========OPTIMIZER INFORMATION===========
2025-11-07 16:09:19.357 INFO: Using ADAM as parameter optimizer
2025-11-07 16:09:19.357 INFO: Batch size: 4
2025-11-07 16:09:19.357 INFO: Using Exponential Moving Average with decay: 0.99999
2025-11-07 16:09:19.357 INFO: Number of gradient updates: 23200
2025-11-07 16:09:19.357 INFO: Learning rate: 0.008, weight decay: 1e-08
2025-11-07 16:09:19.357 INFO: UniversalLoss(energy_weight=1.000, forces_weight=10.000, stress_weight=10.000)
2025-11-07 16:09:19.358 INFO: Stage Two (after 30 epochs) with loss function: UniversalLoss(energy_weight=1.000, forces_weight=50.000, stress_weight=10.000), with energy weight : 1.0, forces weight : 50.0, stress weight : 10.0 and learning rate : 0.001
2025-11-07 16:09:19.702 INFO: Using gradient clipping with tolerance=100.000
2025-11-07 16:09:19.702 INFO: 
2025-11-07 16:09:19.703 INFO: ===========TRAINING===========
2025-11-07 16:09:19.703 INFO: ===========MIXER CONFIG===========
2025-11-07 16:09:19.703 INFO: Readout: NonLinearReadoutBlock  [kan=OFF | kaf=OFF | libra=OFF]
2025-11-07 16:09:19.703 INFO: Interaction MLPs: node_librakan=OFF, edge_librakan=ON 
2025-11-07 16:09:19.703 INFO: ==================================
2025-11-07 16:09:19.703 INFO: Started training, reporting errors on validation set
2025-11-07 16:09:19.703 INFO: Loss metrics on validation set
2025-11-07 16:11:41.720 INFO: Initial: head: Default, loss=304805080.79525769, RMSE_E_per_atom=69011378921251.33 meV, RMSE_F=6580102130546.79 meV / A, RMSE_stress=13595939914.80 meV / A^3
2025-11-07 16:33:55.203 INFO: ===========VERIFYING SETTINGS===========
2025-11-07 16:33:55.204 WARNING: All of hidden_irreps, num_channels and max_L are specified
2025-11-07 16:33:55.204 WARNING: Using num_channels and max_L to create hidden_irreps: 128x0e+128x1o.
2025-11-07 16:33:55.204 INFO: Stage Two is activated as start_stage_two was defined
2025-11-07 16:33:55.204 INFO: MACE version: 0.3.14
2025-11-07 16:33:55.234 INFO: CUDA version: 11.8, CUDA device: 0
2025-11-07 16:33:55.269 INFO: ===========LOADING INPUT DATA===========
2025-11-07 16:33:55.269 INFO: Using heads: ['Default']
2025-11-07 16:33:55.269 INFO: Using the key specifications to parse data:
2025-11-07 16:33:55.269 INFO: Default: KeySpecification(info_keys={'energy': 'dft_energy', 'stress': 'stress', 'virials': 'REF_virials', 'dipole': 'dipole', 'head': 'head', 'elec_temp': 'elec_temp', 'total_charge': 'total_charge', 'polarizability': 'polarizability', 'total_spin': 'total_spin'}, arrays_keys={'forces': 'dft_forces', 'charges': 'REF_charges'})
2025-11-07 16:33:55.269 INFO: =============    Processing head Default     ===========
2025-11-07 16:33:55.709 WARNING: Since ASE version 3.23.0b1, using stress_key 'stress' is no longer safe when communicating between MACE and ASE. We recommend using a different key, rewriting 'stress' to 'REF_stress'. You need to use --stress_key='REF_stress' to specify the chosen key name.
2025-11-07 16:33:55.741 INFO: Training set 1/1 [energy: 927, stress: 928, virials: 0, dipole components: 0, head: 928, elec_temp: 0, total_charge: 0, polarizability: 0, total_spin: 0, forces: 927, charges: 0]
2025-11-07 16:33:55.746 INFO: Total Training set [energy: 927, stress: 928, virials: 0, dipole components: 0, head: 928, elec_temp: 0, total_charge: 0, polarizability: 0, total_spin: 0, forces: 927, charges: 0]
2025-11-07 16:33:55.809 WARNING: Since ASE version 3.23.0b1, using stress_key 'stress' is no longer safe when communicating between MACE and ASE. We recommend using a different key, rewriting 'stress' to 'REF_stress'. You need to use --stress_key='REF_stress' to specify the chosen key name.
2025-11-07 16:33:55.813 INFO: Validation set 1/1 [energy: 115, stress: 115, virials: 0, dipole components: 0, head: 115, elec_temp: 0, total_charge: 0, polarizability: 0, total_spin: 0, forces: 115, charges: 0]
2025-11-07 16:33:55.814 INFO: Total Validation set [energy: 115, stress: 115, virials: 0, dipole components: 0, head: 115, elec_temp: 0, total_charge: 0, polarizability: 0, total_spin: 0, forces: 115, charges: 0]
2025-11-07 16:33:55.878 WARNING: Since ASE version 3.23.0b1, using stress_key 'stress' is no longer safe when communicating between MACE and ASE. We recommend using a different key, rewriting 'stress' to 'REF_stress'. You need to use --stress_key='REF_stress' to specify the chosen key name.
2025-11-07 16:33:55.884 INFO: Test set 1/1 [energy: 116, stress: 116, virials: 0, dipole components: 0, head: 116, elec_temp: 0, total_charge: 0, polarizability: 0, total_spin: 0, forces: 116, charges: 0]
2025-11-07 16:33:55.885 INFO: Total Test set [energy: 116, stress: 116, virials: 0, dipole components: 0, head: 116, elec_temp: 0, total_charge: 0, polarizability: 0, total_spin: 0, forces: 116, charges: 0]
2025-11-07 16:33:55.885 INFO: Total number of configurations: train=928, valid=115, tests=[sp_Default: 116],
2025-11-07 16:33:55.885 INFO: Using atomic numbers from command line argument
2025-11-07 16:33:55.885 INFO: Atomic Numbers used: [47]
2025-11-07 16:33:55.885 INFO: Isolated Atomic Energies (E0s) not in training file, using command line argument
2025-11-07 16:33:55.886 INFO: Atomic Energies used (z: eV) for head Default: {47: -2.670131299573519}
2025-11-07 16:33:55.886 INFO: Processing datasets for head 'Default'
2025-11-07 16:33:57.769 INFO: Combining 1 list datasets for head 'Default'
2025-11-07 16:33:58.006 INFO: Combining 1 list datasets for head 'Default_valid'
2025-11-07 16:33:58.008 INFO: Combined validation datasets for Default
2025-11-07 16:33:58.009 INFO: Head 'Default' training dataset size: 928
2025-11-07 16:33:58.010 INFO: Computing average number of neighbors
2025-11-07 16:34:03.109 INFO: Average number of neighbors: 49.59964750748287
2025-11-07 16:34:03.109 INFO: HEADS used: ['Default']
2025-11-07 16:34:03.109 INFO: During training the following quantities will be reported: energy, forces, stress
2025-11-07 16:34:03.109 INFO: ===========MODEL DETAILS===========
2025-11-07 16:34:06.113 INFO: Building model
2025-11-07 16:34:06.114 INFO: Message passing with 128 channels and max_L=1 (128x0e+128x1o)
2025-11-07 16:34:06.114 INFO: 2 layers, each with correlation order: 2 (body order: 3) and spherical harmonics up to: l=3
2025-11-07 16:34:06.114 INFO: 8 radial and 5 basis functions
2025-11-07 16:34:06.114 INFO: Radial cutoff: 6.0 A (total receptive field for each atom: 12.0 A)
2025-11-07 16:34:06.114 INFO: Distance transform for radial basis functions: Agnesi
2025-11-07 16:34:06.114 INFO: Hidden irreps: 128x0e+128x1o
2025-11-07 16:34:07.147 INFO: Total number of parameters: 2333878
2025-11-07 16:34:07.147 INFO: 
2025-11-07 16:34:07.147 INFO: ===========OPTIMIZER INFORMATION===========
2025-11-07 16:34:07.147 INFO: Using ADAM as parameter optimizer
2025-11-07 16:34:07.147 INFO: Batch size: 4
2025-11-07 16:34:07.147 INFO: Using Exponential Moving Average with decay: 0.99999
2025-11-07 16:34:07.147 INFO: Number of gradient updates: 23200
2025-11-07 16:34:07.147 INFO: Learning rate: 0.008, weight decay: 1e-08
2025-11-07 16:34:07.147 INFO: UniversalLoss(energy_weight=1.000, forces_weight=10.000, stress_weight=10.000)
2025-11-07 16:34:07.148 INFO: Stage Two (after 30 epochs) with loss function: UniversalLoss(energy_weight=1.000, forces_weight=50.000, stress_weight=10.000), with energy weight : 1.0, forces weight : 50.0, stress weight : 10.0 and learning rate : 0.001
2025-11-07 16:34:07.245 INFO: Using gradient clipping with tolerance=100.000
2025-11-07 16:34:07.245 INFO: 
2025-11-07 16:34:07.245 INFO: ===========TRAINING===========
2025-11-07 16:34:07.246 INFO: ===========MIXER CONFIG===========
2025-11-07 16:34:07.246 INFO: Readout: NonLinearReadoutBlock  [kan=OFF | kaf=OFF | libra=OFF]
2025-11-07 16:34:07.246 INFO: Interaction MLPs: node_librakan=OFF, edge_librakan=ON 
2025-11-07 16:34:07.246 INFO: ==================================
2025-11-07 16:34:07.246 INFO: Started training, reporting errors on validation set
2025-11-07 16:34:07.246 INFO: Loss metrics on validation set
2025-11-07 16:36:36.262 INFO: ===========VERIFYING SETTINGS===========
2025-11-07 16:36:36.263 WARNING: All of hidden_irreps, num_channels and max_L are specified
2025-11-07 16:36:36.264 WARNING: Using num_channels and max_L to create hidden_irreps: 128x0e+128x1o.
2025-11-07 16:36:36.264 INFO: Stage Two is activated as start_stage_two was defined
2025-11-07 16:36:36.264 INFO: MACE version: 0.3.14
2025-11-07 16:36:36.292 INFO: CUDA version: 11.8, CUDA device: 0
2025-11-07 16:36:36.327 INFO: ===========LOADING INPUT DATA===========
2025-11-07 16:36:36.327 INFO: Using heads: ['Default']
2025-11-07 16:36:36.327 INFO: Using the key specifications to parse data:
2025-11-07 16:36:36.327 INFO: Default: KeySpecification(info_keys={'energy': 'dft_energy', 'stress': 'stress', 'virials': 'REF_virials', 'dipole': 'dipole', 'head': 'head', 'elec_temp': 'elec_temp', 'total_charge': 'total_charge', 'polarizability': 'polarizability', 'total_spin': 'total_spin'}, arrays_keys={'forces': 'dft_forces', 'charges': 'REF_charges'})
2025-11-07 16:36:36.327 INFO: =============    Processing head Default     ===========
2025-11-07 16:36:36.757 WARNING: Since ASE version 3.23.0b1, using stress_key 'stress' is no longer safe when communicating between MACE and ASE. We recommend using a different key, rewriting 'stress' to 'REF_stress'. You need to use --stress_key='REF_stress' to specify the chosen key name.
2025-11-07 16:36:36.787 INFO: Training set 1/1 [energy: 927, stress: 928, virials: 0, dipole components: 0, head: 928, elec_temp: 0, total_charge: 0, polarizability: 0, total_spin: 0, forces: 927, charges: 0]
2025-11-07 16:36:36.791 INFO: Total Training set [energy: 927, stress: 928, virials: 0, dipole components: 0, head: 928, elec_temp: 0, total_charge: 0, polarizability: 0, total_spin: 0, forces: 927, charges: 0]
2025-11-07 16:36:36.854 WARNING: Since ASE version 3.23.0b1, using stress_key 'stress' is no longer safe when communicating between MACE and ASE. We recommend using a different key, rewriting 'stress' to 'REF_stress'. You need to use --stress_key='REF_stress' to specify the chosen key name.
2025-11-07 16:36:36.858 INFO: Validation set 1/1 [energy: 115, stress: 115, virials: 0, dipole components: 0, head: 115, elec_temp: 0, total_charge: 0, polarizability: 0, total_spin: 0, forces: 115, charges: 0]
2025-11-07 16:36:36.858 INFO: Total Validation set [energy: 115, stress: 115, virials: 0, dipole components: 0, head: 115, elec_temp: 0, total_charge: 0, polarizability: 0, total_spin: 0, forces: 115, charges: 0]
2025-11-07 16:36:36.921 WARNING: Since ASE version 3.23.0b1, using stress_key 'stress' is no longer safe when communicating between MACE and ASE. We recommend using a different key, rewriting 'stress' to 'REF_stress'. You need to use --stress_key='REF_stress' to specify the chosen key name.
2025-11-07 16:36:36.926 INFO: Test set 1/1 [energy: 116, stress: 116, virials: 0, dipole components: 0, head: 116, elec_temp: 0, total_charge: 0, polarizability: 0, total_spin: 0, forces: 116, charges: 0]
2025-11-07 16:36:36.926 INFO: Total Test set [energy: 116, stress: 116, virials: 0, dipole components: 0, head: 116, elec_temp: 0, total_charge: 0, polarizability: 0, total_spin: 0, forces: 116, charges: 0]
2025-11-07 16:36:36.927 INFO: Total number of configurations: train=928, valid=115, tests=[sp_Default: 116],
2025-11-07 16:36:36.927 INFO: Using atomic numbers from command line argument
2025-11-07 16:36:36.927 INFO: Atomic Numbers used: [47]
2025-11-07 16:36:36.927 INFO: Isolated Atomic Energies (E0s) not in training file, using command line argument
2025-11-07 16:36:36.927 INFO: Atomic Energies used (z: eV) for head Default: {47: -2.670131299573519}
2025-11-07 16:36:36.927 INFO: Processing datasets for head 'Default'
2025-11-07 16:36:38.723 INFO: Combining 1 list datasets for head 'Default'
2025-11-07 16:36:38.957 INFO: Combining 1 list datasets for head 'Default_valid'
2025-11-07 16:36:38.957 INFO: Combined validation datasets for Default
2025-11-07 16:36:38.957 INFO: Head 'Default' training dataset size: 928
2025-11-07 16:36:38.958 INFO: Computing average number of neighbors
2025-11-07 16:36:43.783 INFO: Average number of neighbors: 49.59964750748287
2025-11-07 16:36:43.784 INFO: HEADS used: ['Default']
2025-11-07 16:36:43.784 INFO: During training the following quantities will be reported: energy, forces, stress
2025-11-07 16:36:43.784 INFO: ===========MODEL DETAILS===========
2025-11-07 16:36:46.650 INFO: Building model
2025-11-07 16:36:46.650 INFO: Message passing with 128 channels and max_L=1 (128x0e+128x1o)
2025-11-07 16:36:46.650 INFO: 2 layers, each with correlation order: 2 (body order: 3) and spherical harmonics up to: l=3
2025-11-07 16:36:46.650 INFO: 8 radial and 5 basis functions
2025-11-07 16:36:46.650 INFO: Radial cutoff: 6.0 A (total receptive field for each atom: 12.0 A)
2025-11-07 16:36:46.650 INFO: Distance transform for radial basis functions: Agnesi
2025-11-07 16:36:46.650 INFO: Hidden irreps: 128x0e+128x1o
2025-11-07 16:36:47.702 INFO: Total number of parameters: 2333878
2025-11-07 16:36:47.702 INFO: 
2025-11-07 16:36:47.702 INFO: ===========OPTIMIZER INFORMATION===========
2025-11-07 16:36:47.702 INFO: Using ADAM as parameter optimizer
2025-11-07 16:36:47.702 INFO: Batch size: 4
2025-11-07 16:36:47.702 INFO: Using Exponential Moving Average with decay: 0.99999
2025-11-07 16:36:47.703 INFO: Number of gradient updates: 23200
2025-11-07 16:36:47.703 INFO: Learning rate: 0.008, weight decay: 1e-08
2025-11-07 16:36:47.703 INFO: UniversalLoss(energy_weight=1.000, forces_weight=10.000, stress_weight=10.000)
2025-11-07 16:36:47.704 INFO: Stage Two (after 30 epochs) with loss function: UniversalLoss(energy_weight=1.000, forces_weight=50.000, stress_weight=10.000), with energy weight : 1.0, forces weight : 50.0, stress weight : 10.0 and learning rate : 0.001
2025-11-07 16:36:47.803 INFO: Using gradient clipping with tolerance=100.000
2025-11-07 16:36:47.803 INFO: 
2025-11-07 16:36:47.803 INFO: ===========TRAINING===========
2025-11-07 16:36:47.803 INFO: ===========MIXER CONFIG===========
2025-11-07 16:36:47.803 INFO: Readout: NonLinearReadoutBlock  [kan=OFF | kaf=OFF | libra=OFF]
2025-11-07 16:36:47.803 INFO: Interaction MLPs: node_librakan=OFF, edge_librakan=ON 
2025-11-07 16:36:47.803 INFO: ==================================
2025-11-07 16:36:47.804 INFO: Started training, reporting errors on validation set
2025-11-07 16:36:47.804 INFO: Loss metrics on validation set
2025-11-07 16:39:02.195 INFO: Initial: head: Default, loss=3381356.30088571, RMSE_E_per_atom=68669334790.20 meV, RMSE_F=156430683517.91 meV / A, RMSE_stress=6858947408.57 meV / A^3
2025-11-07 19:59:55.780 INFO: ===========VERIFYING SETTINGS===========
2025-11-07 19:59:55.780 WARNING: All of hidden_irreps, num_channels and max_L are specified
2025-11-07 19:59:55.780 WARNING: Using num_channels and max_L to create hidden_irreps: 128x0e+128x1o.
2025-11-07 19:59:55.780 INFO: Stage Two is activated as start_stage_two was defined
2025-11-07 19:59:55.780 INFO: MACE version: 0.3.14
2025-11-07 19:59:55.809 INFO: CUDA version: 11.8, CUDA device: 0
2025-11-07 19:59:55.844 INFO: ===========LOADING INPUT DATA===========
2025-11-07 19:59:55.844 INFO: Using heads: ['Default']
2025-11-07 19:59:55.844 INFO: Using the key specifications to parse data:
2025-11-07 19:59:55.844 INFO: Default: KeySpecification(info_keys={'energy': 'dft_energy', 'stress': 'stress', 'virials': 'REF_virials', 'dipole': 'dipole', 'head': 'head', 'elec_temp': 'elec_temp', 'total_charge': 'total_charge', 'polarizability': 'polarizability', 'total_spin': 'total_spin'}, arrays_keys={'forces': 'dft_forces', 'charges': 'REF_charges'})
2025-11-07 19:59:55.845 INFO: =============    Processing head Default     ===========
2025-11-07 19:59:56.261 WARNING: Since ASE version 3.23.0b1, using stress_key 'stress' is no longer safe when communicating between MACE and ASE. We recommend using a different key, rewriting 'stress' to 'REF_stress'. You need to use --stress_key='REF_stress' to specify the chosen key name.
2025-11-07 19:59:56.291 INFO: Training set 1/1 [energy: 927, stress: 928, virials: 0, dipole components: 0, head: 928, elec_temp: 0, total_charge: 0, polarizability: 0, total_spin: 0, forces: 927, charges: 0]
2025-11-07 19:59:56.295 INFO: Total Training set [energy: 927, stress: 928, virials: 0, dipole components: 0, head: 928, elec_temp: 0, total_charge: 0, polarizability: 0, total_spin: 0, forces: 927, charges: 0]
2025-11-07 19:59:56.357 WARNING: Since ASE version 3.23.0b1, using stress_key 'stress' is no longer safe when communicating between MACE and ASE. We recommend using a different key, rewriting 'stress' to 'REF_stress'. You need to use --stress_key='REF_stress' to specify the chosen key name.
2025-11-07 19:59:56.361 INFO: Validation set 1/1 [energy: 115, stress: 115, virials: 0, dipole components: 0, head: 115, elec_temp: 0, total_charge: 0, polarizability: 0, total_spin: 0, forces: 115, charges: 0]
2025-11-07 19:59:56.363 INFO: Total Validation set [energy: 115, stress: 115, virials: 0, dipole components: 0, head: 115, elec_temp: 0, total_charge: 0, polarizability: 0, total_spin: 0, forces: 115, charges: 0]
2025-11-07 19:59:56.427 WARNING: Since ASE version 3.23.0b1, using stress_key 'stress' is no longer safe when communicating between MACE and ASE. We recommend using a different key, rewriting 'stress' to 'REF_stress'. You need to use --stress_key='REF_stress' to specify the chosen key name.
2025-11-07 19:59:56.431 INFO: Test set 1/1 [energy: 116, stress: 116, virials: 0, dipole components: 0, head: 116, elec_temp: 0, total_charge: 0, polarizability: 0, total_spin: 0, forces: 116, charges: 0]
2025-11-07 19:59:56.432 INFO: Total Test set [energy: 116, stress: 116, virials: 0, dipole components: 0, head: 116, elec_temp: 0, total_charge: 0, polarizability: 0, total_spin: 0, forces: 116, charges: 0]
2025-11-07 19:59:56.432 INFO: Total number of configurations: train=928, valid=115, tests=[sp_Default: 116],
2025-11-07 19:59:56.432 INFO: Using atomic numbers from command line argument
2025-11-07 19:59:56.432 INFO: Atomic Numbers used: [47]
2025-11-07 19:59:56.432 INFO: Isolated Atomic Energies (E0s) not in training file, using command line argument
2025-11-07 19:59:56.432 INFO: Atomic Energies used (z: eV) for head Default: {47: -2.670131299573519}
2025-11-07 19:59:56.433 INFO: Processing datasets for head 'Default'
2025-11-07 19:59:58.160 INFO: Combining 1 list datasets for head 'Default'
2025-11-07 19:59:58.380 INFO: Combining 1 list datasets for head 'Default_valid'
2025-11-07 19:59:58.380 INFO: Combined validation datasets for Default
2025-11-07 19:59:58.380 INFO: Head 'Default' training dataset size: 928
2025-11-07 19:59:58.381 INFO: Computing average number of neighbors
2025-11-07 20:00:03.493 INFO: Average number of neighbors: 49.59964750748287
2025-11-07 20:00:03.493 INFO: HEADS used: ['Default']
2025-11-07 20:00:03.493 INFO: During training the following quantities will be reported: energy, forces, stress
2025-11-07 20:00:03.494 INFO: ===========MODEL DETAILS===========
2025-11-07 20:00:06.400 INFO: Building model
2025-11-07 20:00:06.401 INFO: Message passing with 128 channels and max_L=1 (128x0e+128x1o)
2025-11-07 20:00:06.401 INFO: 2 layers, each with correlation order: 2 (body order: 3) and spherical harmonics up to: l=3
2025-11-07 20:00:06.401 INFO: 8 radial and 5 basis functions
2025-11-07 20:00:06.401 INFO: Radial cutoff: 6.0 A (total receptive field for each atom: 12.0 A)
2025-11-07 20:00:06.401 INFO: Distance transform for radial basis functions: Agnesi
2025-11-07 20:00:06.401 INFO: Hidden irreps: 128x0e+128x1o
2025-11-07 20:00:07.376 INFO: Total number of parameters: 546994
2025-11-07 20:00:07.376 INFO: 
2025-11-07 20:00:07.376 INFO: ===========OPTIMIZER INFORMATION===========
2025-11-07 20:00:07.376 INFO: Using ADAM as parameter optimizer
2025-11-07 20:00:07.376 INFO: Batch size: 4
2025-11-07 20:00:07.376 INFO: Using Exponential Moving Average with decay: 0.99999
2025-11-07 20:00:07.376 INFO: Number of gradient updates: 23200
2025-11-07 20:00:07.376 INFO: Learning rate: 0.008, weight decay: 1e-08
2025-11-07 20:00:07.376 INFO: UniversalLoss(energy_weight=1.000, forces_weight=10.000, stress_weight=10.000)
2025-11-07 20:00:07.377 INFO: Stage Two (after 30 epochs) with loss function: UniversalLoss(energy_weight=1.000, forces_weight=50.000, stress_weight=10.000), with energy weight : 1.0, forces weight : 50.0, stress weight : 10.0 and learning rate : 0.001
2025-11-07 20:00:07.466 INFO: Using gradient clipping with tolerance=100.000
2025-11-07 20:00:07.466 INFO: 
2025-11-07 20:00:07.466 INFO: ===========TRAINING===========
2025-11-07 20:00:07.466 INFO: ===========MIXER CONFIG===========
2025-11-07 20:00:07.466 INFO: Readout: NonLinearReadoutBlock  [kan=OFF | kaf=OFF | libra=OFF]
2025-11-07 20:00:07.466 INFO: Interaction MLPs: node_librakan=OFF, edge_librakan=OFF
2025-11-07 20:00:07.466 INFO: ==================================
2025-11-07 20:00:07.466 INFO: Started training, reporting errors on validation set
2025-11-07 20:00:07.466 INFO: Loss metrics on validation set
2025-11-07 20:00:19.459 INFO: Initial: head: Default, loss=0.01854458, RMSE_E_per_atom=  370.20 meV, RMSE_F=  591.21 meV / A, RMSE_stress=  417.15 meV / A^3
2025-11-07 20:01:56.490 INFO: Epoch 0: head: Default, loss=0.00204810, RMSE_E_per_atom=   35.96 meV, RMSE_F=  114.29 meV / A, RMSE_stress=    2.44 meV / A^3
2025-11-07 20:03:20.790 INFO: Epoch 1: head: Default, loss=0.00132885, RMSE_E_per_atom=    2.83 meV, RMSE_F=   78.27 meV / A, RMSE_stress=    2.30 meV / A^3
2025-11-07 20:04:44.632 INFO: Epoch 2: head: Default, loss=0.00097900, RMSE_E_per_atom=    2.21 meV, RMSE_F=   59.99 meV / A, RMSE_stress=    2.28 meV / A^3
2025-11-07 20:06:08.618 INFO: Epoch 3: head: Default, loss=0.00079173, RMSE_E_per_atom=    2.37 meV, RMSE_F=   49.18 meV / A, RMSE_stress=    2.42 meV / A^3
2025-11-07 20:07:32.261 INFO: Epoch 4: head: Default, loss=0.00060232, RMSE_E_per_atom=    6.80 meV, RMSE_F=   37.90 meV / A, RMSE_stress=    2.53 meV / A^3
2025-11-07 20:08:56.155 INFO: Epoch 5: head: Default, loss=0.00052707, RMSE_E_per_atom=    8.98 meV, RMSE_F=   33.26 meV / A, RMSE_stress=    2.56 meV / A^3
2025-11-07 20:10:19.721 INFO: Epoch 6: head: Default, loss=0.00048379, RMSE_E_per_atom=    4.21 meV, RMSE_F=   31.17 meV / A, RMSE_stress=    2.56 meV / A^3
2025-11-07 20:11:43.239 INFO: Epoch 7: head: Default, loss=0.00042878, RMSE_E_per_atom=    0.48 meV, RMSE_F=   28.06 meV / A, RMSE_stress=    2.59 meV / A^3
2025-11-07 20:13:07.503 INFO: Epoch 8: head: Default, loss=0.00042457, RMSE_E_per_atom=    0.85 meV, RMSE_F=   27.82 meV / A, RMSE_stress=    2.60 meV / A^3
2025-11-07 20:14:34.138 INFO: Epoch 9: head: Default, loss=0.00037811, RMSE_E_per_atom=    2.47 meV, RMSE_F=   25.09 meV / A, RMSE_stress=    2.61 meV / A^3
2025-11-07 20:16:01.159 INFO: Epoch 10: head: Default, loss=0.00036088, RMSE_E_per_atom=    1.08 meV, RMSE_F=   24.13 meV / A, RMSE_stress=    2.59 meV / A^3
2025-11-07 20:17:27.597 INFO: Epoch 11: head: Default, loss=0.00033940, RMSE_E_per_atom=    0.50 meV, RMSE_F=   22.91 meV / A, RMSE_stress=    2.60 meV / A^3
2025-11-07 20:18:59.218 INFO: Epoch 12: head: Default, loss=0.00031476, RMSE_E_per_atom=    1.55 meV, RMSE_F=   21.44 meV / A, RMSE_stress=    2.61 meV / A^3
2025-11-07 20:20:32.286 INFO: Epoch 13: head: Default, loss=0.00030750, RMSE_E_per_atom=    0.40 meV, RMSE_F=   21.06 meV / A, RMSE_stress=    2.61 meV / A^3
2025-11-07 20:22:03.688 INFO: Epoch 14: head: Default, loss=0.00029771, RMSE_E_per_atom=    0.60 meV, RMSE_F=   20.54 meV / A, RMSE_stress=    2.61 meV / A^3
2025-11-07 20:23:34.234 INFO: Epoch 15: head: Default, loss=0.00028746, RMSE_E_per_atom=    0.84 meV, RMSE_F=   19.95 meV / A, RMSE_stress=    2.61 meV / A^3
2025-11-07 20:24:06.529 INFO: ===========VERIFYING SETTINGS===========
2025-11-07 20:24:06.529 WARNING: All of hidden_irreps, num_channels and max_L are specified
2025-11-07 20:24:06.529 WARNING: Using num_channels and max_L to create hidden_irreps: 128x0e+128x1o.
2025-11-07 20:24:06.530 INFO: Stage Two is activated as start_stage_two was defined
2025-11-07 20:24:06.530 INFO: MACE version: 0.3.14
2025-11-07 20:24:06.564 INFO: CUDA version: 11.8, CUDA device: 0
2025-11-07 20:24:06.603 INFO: ===========LOADING INPUT DATA===========
2025-11-07 20:24:06.603 INFO: Using heads: ['Default']
2025-11-07 20:24:06.603 INFO: Using the key specifications to parse data:
2025-11-07 20:24:06.603 INFO: Default: KeySpecification(info_keys={'energy': 'dft_energy', 'stress': 'stress', 'virials': 'REF_virials', 'dipole': 'dipole', 'head': 'head', 'elec_temp': 'elec_temp', 'total_charge': 'total_charge', 'polarizability': 'polarizability', 'total_spin': 'total_spin'}, arrays_keys={'forces': 'dft_forces', 'charges': 'REF_charges'})
2025-11-07 20:24:06.603 INFO: =============    Processing head Default     ===========
2025-11-07 20:24:07.058 WARNING: Since ASE version 3.23.0b1, using stress_key 'stress' is no longer safe when communicating between MACE and ASE. We recommend using a different key, rewriting 'stress' to 'REF_stress'. You need to use --stress_key='REF_stress' to specify the chosen key name.
2025-11-07 20:24:07.092 INFO: Training set 1/1 [energy: 927, stress: 928, virials: 0, dipole components: 0, head: 928, elec_temp: 0, total_charge: 0, polarizability: 0, total_spin: 0, forces: 927, charges: 0]
2025-11-07 20:24:07.096 INFO: Total Training set [energy: 927, stress: 928, virials: 0, dipole components: 0, head: 928, elec_temp: 0, total_charge: 0, polarizability: 0, total_spin: 0, forces: 927, charges: 0]
2025-11-07 20:24:07.162 WARNING: Since ASE version 3.23.0b1, using stress_key 'stress' is no longer safe when communicating between MACE and ASE. We recommend using a different key, rewriting 'stress' to 'REF_stress'. You need to use --stress_key='REF_stress' to specify the chosen key name.
2025-11-07 20:24:07.166 INFO: Validation set 1/1 [energy: 115, stress: 115, virials: 0, dipole components: 0, head: 115, elec_temp: 0, total_charge: 0, polarizability: 0, total_spin: 0, forces: 115, charges: 0]
2025-11-07 20:24:07.166 INFO: Total Validation set [energy: 115, stress: 115, virials: 0, dipole components: 0, head: 115, elec_temp: 0, total_charge: 0, polarizability: 0, total_spin: 0, forces: 115, charges: 0]
2025-11-07 20:24:07.232 WARNING: Since ASE version 3.23.0b1, using stress_key 'stress' is no longer safe when communicating between MACE and ASE. We recommend using a different key, rewriting 'stress' to 'REF_stress'. You need to use --stress_key='REF_stress' to specify the chosen key name.
2025-11-07 20:24:07.236 INFO: Test set 1/1 [energy: 116, stress: 116, virials: 0, dipole components: 0, head: 116, elec_temp: 0, total_charge: 0, polarizability: 0, total_spin: 0, forces: 116, charges: 0]
2025-11-07 20:24:07.237 INFO: Total Test set [energy: 116, stress: 116, virials: 0, dipole components: 0, head: 116, elec_temp: 0, total_charge: 0, polarizability: 0, total_spin: 0, forces: 116, charges: 0]
2025-11-07 20:24:07.237 INFO: Total number of configurations: train=928, valid=115, tests=[sp_Default: 116],
2025-11-07 20:24:07.237 INFO: Using atomic numbers from command line argument
2025-11-07 20:24:07.237 INFO: Atomic Numbers used: [47]
2025-11-07 20:24:07.238 INFO: Isolated Atomic Energies (E0s) not in training file, using command line argument
2025-11-07 20:24:07.238 INFO: Atomic Energies used (z: eV) for head Default: {47: -2.670131299573519}
2025-11-07 20:24:07.238 INFO: Processing datasets for head 'Default'
2025-11-07 20:24:09.343 INFO: Combining 1 list datasets for head 'Default'
2025-11-07 20:24:09.605 INFO: Combining 1 list datasets for head 'Default_valid'
2025-11-07 20:24:09.606 INFO: Combined validation datasets for Default
2025-11-07 20:24:09.606 INFO: Head 'Default' training dataset size: 928
2025-11-07 20:24:09.607 INFO: Computing average number of neighbors
2025-11-07 20:24:14.548 INFO: Average number of neighbors: 49.59964750748287
2025-11-07 20:24:14.548 INFO: HEADS used: ['Default']
2025-11-07 20:24:14.549 INFO: During training the following quantities will be reported: energy, forces, stress
2025-11-07 20:24:14.549 INFO: ===========MODEL DETAILS===========
2025-11-07 20:24:17.317 INFO: Building model
2025-11-07 20:24:17.317 INFO: Message passing with 128 channels and max_L=1 (128x0e+128x1o)
2025-11-07 20:24:17.317 INFO: 2 layers, each with correlation order: 2 (body order: 3) and spherical harmonics up to: l=3
2025-11-07 20:24:17.317 INFO: 8 radial and 5 basis functions
2025-11-07 20:24:17.317 INFO: Radial cutoff: 6.0 A (total receptive field for each atom: 12.0 A)
2025-11-07 20:24:17.317 INFO: Distance transform for radial basis functions: Agnesi
2025-11-07 20:24:17.317 INFO: Hidden irreps: 128x0e+128x1o
2025-11-07 20:52:32.957 INFO: ===========VERIFYING SETTINGS===========
2025-11-07 20:52:32.958 WARNING: All of hidden_irreps, num_channels and max_L are specified
2025-11-07 20:52:32.958 WARNING: Using num_channels and max_L to create hidden_irreps: 128x0e+128x1o.
2025-11-07 20:52:32.958 INFO: Stage Two is activated as start_stage_two was defined
2025-11-07 20:52:32.958 INFO: MACE version: 0.3.14
2025-11-07 20:52:32.993 INFO: CUDA version: 11.8, CUDA device: 0
2025-11-07 20:52:33.029 INFO: ===========LOADING INPUT DATA===========
2025-11-07 20:52:33.029 INFO: Using heads: ['Default']
2025-11-07 20:52:33.030 INFO: Using the key specifications to parse data:
2025-11-07 20:52:33.030 INFO: Default: KeySpecification(info_keys={'energy': 'dft_energy', 'stress': 'stress', 'virials': 'REF_virials', 'dipole': 'dipole', 'head': 'head', 'elec_temp': 'elec_temp', 'total_charge': 'total_charge', 'polarizability': 'polarizability', 'total_spin': 'total_spin'}, arrays_keys={'forces': 'dft_forces', 'charges': 'REF_charges'})
2025-11-07 20:52:33.030 INFO: =============    Processing head Default     ===========
2025-11-07 20:52:33.459 WARNING: Since ASE version 3.23.0b1, using stress_key 'stress' is no longer safe when communicating between MACE and ASE. We recommend using a different key, rewriting 'stress' to 'REF_stress'. You need to use --stress_key='REF_stress' to specify the chosen key name.
2025-11-07 20:52:33.494 INFO: Training set 1/1 [energy: 927, stress: 928, virials: 0, dipole components: 0, head: 928, elec_temp: 0, total_charge: 0, polarizability: 0, total_spin: 0, forces: 927, charges: 0]
2025-11-07 20:52:33.498 INFO: Total Training set [energy: 927, stress: 928, virials: 0, dipole components: 0, head: 928, elec_temp: 0, total_charge: 0, polarizability: 0, total_spin: 0, forces: 927, charges: 0]
2025-11-07 20:52:33.559 WARNING: Since ASE version 3.23.0b1, using stress_key 'stress' is no longer safe when communicating between MACE and ASE. We recommend using a different key, rewriting 'stress' to 'REF_stress'. You need to use --stress_key='REF_stress' to specify the chosen key name.
2025-11-07 20:52:33.563 INFO: Validation set 1/1 [energy: 115, stress: 115, virials: 0, dipole components: 0, head: 115, elec_temp: 0, total_charge: 0, polarizability: 0, total_spin: 0, forces: 115, charges: 0]
2025-11-07 20:52:33.565 INFO: Total Validation set [energy: 115, stress: 115, virials: 0, dipole components: 0, head: 115, elec_temp: 0, total_charge: 0, polarizability: 0, total_spin: 0, forces: 115, charges: 0]
2025-11-07 20:52:33.627 WARNING: Since ASE version 3.23.0b1, using stress_key 'stress' is no longer safe when communicating between MACE and ASE. We recommend using a different key, rewriting 'stress' to 'REF_stress'. You need to use --stress_key='REF_stress' to specify the chosen key name.
2025-11-07 20:52:33.631 INFO: Test set 1/1 [energy: 116, stress: 116, virials: 0, dipole components: 0, head: 116, elec_temp: 0, total_charge: 0, polarizability: 0, total_spin: 0, forces: 116, charges: 0]
2025-11-07 20:52:33.631 INFO: Total Test set [energy: 116, stress: 116, virials: 0, dipole components: 0, head: 116, elec_temp: 0, total_charge: 0, polarizability: 0, total_spin: 0, forces: 116, charges: 0]
2025-11-07 20:52:33.631 INFO: Total number of configurations: train=928, valid=115, tests=[sp_Default: 116],
2025-11-07 20:52:33.632 INFO: Using atomic numbers from command line argument
2025-11-07 20:52:33.632 INFO: Atomic Numbers used: [47]
2025-11-07 20:52:33.632 INFO: Isolated Atomic Energies (E0s) not in training file, using command line argument
2025-11-07 20:52:33.632 INFO: Atomic Energies used (z: eV) for head Default: {47: -2.670131299573519}
2025-11-07 20:52:33.632 INFO: Processing datasets for head 'Default'
2025-11-07 20:52:35.649 INFO: Combining 1 list datasets for head 'Default'
2025-11-07 20:52:35.922 INFO: Combining 1 list datasets for head 'Default_valid'
2025-11-07 20:52:35.922 INFO: Combined validation datasets for Default
2025-11-07 20:52:35.922 INFO: Head 'Default' training dataset size: 928
2025-11-07 20:52:35.922 INFO: Computing average number of neighbors
2025-11-07 20:52:41.403 INFO: Average number of neighbors: 49.59964750748287
2025-11-07 20:52:41.403 INFO: HEADS used: ['Default']
2025-11-07 20:52:41.403 INFO: During training the following quantities will be reported: energy, forces, stress
2025-11-07 20:52:41.404 INFO: ===========MODEL DETAILS===========
2025-11-07 20:52:44.209 INFO: Building model
2025-11-07 20:52:44.209 INFO: Message passing with 128 channels and max_L=1 (128x0e+128x1o)
2025-11-07 20:52:44.209 INFO: 2 layers, each with correlation order: 2 (body order: 3) and spherical harmonics up to: l=3
2025-11-07 20:52:44.209 INFO: 8 radial and 5 basis functions
2025-11-07 20:52:44.209 INFO: Radial cutoff: 6.0 A (total receptive field for each atom: 12.0 A)
2025-11-07 20:52:44.209 INFO: Distance transform for radial basis functions: Agnesi
2025-11-07 20:52:44.209 INFO: Hidden irreps: 128x0e+128x1o
2025-11-07 21:10:26.388 INFO: ===========VERIFYING SETTINGS===========
2025-11-07 21:10:26.388 WARNING: All of hidden_irreps, num_channels and max_L are specified
2025-11-07 21:10:26.388 WARNING: Using num_channels and max_L to create hidden_irreps: 128x0e+128x1o.
2025-11-07 21:10:26.388 INFO: Stage Two is activated as start_stage_two was defined
2025-11-07 21:10:26.388 INFO: MACE version: 0.3.14
2025-11-07 21:10:26.424 INFO: CUDA version: 11.8, CUDA device: 0
2025-11-07 21:10:26.463 INFO: ===========LOADING INPUT DATA===========
2025-11-07 21:10:26.463 INFO: Using heads: ['Default']
2025-11-07 21:10:26.463 INFO: Using the key specifications to parse data:
2025-11-07 21:10:26.463 INFO: Default: KeySpecification(info_keys={'energy': 'dft_energy', 'stress': 'stress', 'virials': 'REF_virials', 'dipole': 'dipole', 'head': 'head', 'elec_temp': 'elec_temp', 'total_charge': 'total_charge', 'polarizability': 'polarizability', 'total_spin': 'total_spin'}, arrays_keys={'forces': 'dft_forces', 'charges': 'REF_charges'})
2025-11-07 21:10:26.463 INFO: =============    Processing head Default     ===========
2025-11-07 21:10:26.886 WARNING: Since ASE version 3.23.0b1, using stress_key 'stress' is no longer safe when communicating between MACE and ASE. We recommend using a different key, rewriting 'stress' to 'REF_stress'. You need to use --stress_key='REF_stress' to specify the chosen key name.
2025-11-07 21:10:26.920 INFO: Training set 1/1 [energy: 927, stress: 928, virials: 0, dipole components: 0, head: 928, elec_temp: 0, total_charge: 0, polarizability: 0, total_spin: 0, forces: 927, charges: 0]
2025-11-07 21:10:26.925 INFO: Total Training set [energy: 927, stress: 928, virials: 0, dipole components: 0, head: 928, elec_temp: 0, total_charge: 0, polarizability: 0, total_spin: 0, forces: 927, charges: 0]
2025-11-07 21:10:26.990 WARNING: Since ASE version 3.23.0b1, using stress_key 'stress' is no longer safe when communicating between MACE and ASE. We recommend using a different key, rewriting 'stress' to 'REF_stress'. You need to use --stress_key='REF_stress' to specify the chosen key name.
2025-11-07 21:10:26.995 INFO: Validation set 1/1 [energy: 115, stress: 115, virials: 0, dipole components: 0, head: 115, elec_temp: 0, total_charge: 0, polarizability: 0, total_spin: 0, forces: 115, charges: 0]
2025-11-07 21:10:26.996 INFO: Total Validation set [energy: 115, stress: 115, virials: 0, dipole components: 0, head: 115, elec_temp: 0, total_charge: 0, polarizability: 0, total_spin: 0, forces: 115, charges: 0]
2025-11-07 21:10:27.061 WARNING: Since ASE version 3.23.0b1, using stress_key 'stress' is no longer safe when communicating between MACE and ASE. We recommend using a different key, rewriting 'stress' to 'REF_stress'. You need to use --stress_key='REF_stress' to specify the chosen key name.
2025-11-07 21:10:27.066 INFO: Test set 1/1 [energy: 116, stress: 116, virials: 0, dipole components: 0, head: 116, elec_temp: 0, total_charge: 0, polarizability: 0, total_spin: 0, forces: 116, charges: 0]
2025-11-07 21:10:27.068 INFO: Total Test set [energy: 116, stress: 116, virials: 0, dipole components: 0, head: 116, elec_temp: 0, total_charge: 0, polarizability: 0, total_spin: 0, forces: 116, charges: 0]
2025-11-07 21:10:27.068 INFO: Total number of configurations: train=928, valid=115, tests=[sp_Default: 116],
2025-11-07 21:10:27.068 INFO: Using atomic numbers from command line argument
2025-11-07 21:10:27.068 INFO: Atomic Numbers used: [47]
2025-11-07 21:10:27.069 INFO: Isolated Atomic Energies (E0s) not in training file, using command line argument
2025-11-07 21:10:27.069 INFO: Atomic Energies used (z: eV) for head Default: {47: -2.670131299573519}
2025-11-07 21:10:27.069 INFO: Processing datasets for head 'Default'
2025-11-07 21:10:29.087 INFO: Combining 1 list datasets for head 'Default'
2025-11-07 21:10:29.328 INFO: Combining 1 list datasets for head 'Default_valid'
2025-11-07 21:10:29.328 INFO: Combined validation datasets for Default
2025-11-07 21:10:29.328 INFO: Head 'Default' training dataset size: 928
2025-11-07 21:10:29.330 INFO: Computing average number of neighbors
2025-11-07 21:10:34.295 INFO: Average number of neighbors: 49.59964750748287
2025-11-07 21:10:34.296 INFO: HEADS used: ['Default']
2025-11-07 21:10:34.296 INFO: During training the following quantities will be reported: energy, forces, stress
2025-11-07 21:10:34.296 INFO: ===========MODEL DETAILS===========
2025-11-07 21:10:37.104 INFO: Building model
2025-11-07 21:10:37.105 INFO: Message passing with 128 channels and max_L=1 (128x0e+128x1o)
2025-11-07 21:10:37.105 INFO: 2 layers, each with correlation order: 2 (body order: 3) and spherical harmonics up to: l=3
2025-11-07 21:10:37.105 INFO: 8 radial and 5 basis functions
2025-11-07 21:10:37.105 INFO: Radial cutoff: 6.0 A (total receptive field for each atom: 12.0 A)
2025-11-07 21:10:37.105 INFO: Distance transform for radial basis functions: Agnesi
2025-11-07 21:10:37.105 INFO: Hidden irreps: 128x0e+128x1o
2025-11-07 21:10:37.863 INFO: Total number of parameters: 581026
2025-11-07 21:10:37.863 INFO: 
2025-11-07 21:10:37.863 INFO: ===========OPTIMIZER INFORMATION===========
2025-11-07 21:10:37.863 INFO: Using ADAM as parameter optimizer
2025-11-07 21:10:37.863 INFO: Batch size: 4
2025-11-07 21:10:37.863 INFO: Using Exponential Moving Average with decay: 0.99999
2025-11-07 21:10:37.864 INFO: Number of gradient updates: 23200
2025-11-07 21:10:37.864 INFO: Learning rate: 0.008, weight decay: 1e-08
2025-11-07 21:10:37.864 INFO: UniversalLoss(energy_weight=1.000, forces_weight=10.000, stress_weight=10.000)
2025-11-07 21:10:37.865 INFO: Stage Two (after 30 epochs) with loss function: UniversalLoss(energy_weight=1.000, forces_weight=50.000, stress_weight=10.000), with energy weight : 1.0, forces weight : 50.0, stress weight : 10.0 and learning rate : 0.001
2025-11-07 21:10:38.225 INFO: Using gradient clipping with tolerance=100.000
2025-11-07 21:10:38.225 INFO: 
2025-11-07 21:10:38.225 INFO: ===========TRAINING===========
2025-11-07 21:10:38.226 INFO: ===========MIXER CONFIG===========
2025-11-07 21:10:38.226 INFO: Readout: NonLinearReadoutBlock  [kan=OFF | kaf=OFF | libra=ON ]
2025-11-07 21:10:38.226 INFO: Interaction MLPs: node_librakan=OFF, edge_librakan=OFF
2025-11-07 21:10:38.226 INFO: ==================================
2025-11-07 21:10:38.226 INFO: Started training, reporting errors on validation set
2025-11-07 21:10:38.226 INFO: Loss metrics on validation set
2025-11-07 21:10:50.528 INFO: Initial: head: Default, loss=0.10889682, RMSE_E_per_atom=23788.50 meV, RMSE_F= 1271.63 meV / A, RMSE_stress= 1629.92 meV / A^3
2025-11-07 21:12:49.792 INFO: Epoch 0: head: Default, loss=0.01422673, RMSE_E_per_atom= 3407.07 meV, RMSE_F=  304.20 meV / A, RMSE_stress=   31.70 meV / A^3
2025-11-07 21:14:36.105 INFO: Epoch 1: head: Default, loss=0.00307917, RMSE_E_per_atom=   70.03 meV, RMSE_F=  174.75 meV / A, RMSE_stress=    2.67 meV / A^3
2025-11-07 21:16:22.437 INFO: Epoch 2: head: Default, loss=0.00180874, RMSE_E_per_atom=   43.14 meV, RMSE_F=  102.25 meV / A, RMSE_stress=    2.25 meV / A^3
2025-11-07 21:18:08.488 INFO: Epoch 3: head: Default, loss=0.00343827, RMSE_E_per_atom=   43.16 meV, RMSE_F=  186.64 meV / A, RMSE_stress=    2.39 meV / A^3
2025-11-07 21:19:55.081 INFO: Epoch 4: head: Default, loss=0.00641032, RMSE_E_per_atom= 1263.67 meV, RMSE_F=  179.61 meV / A, RMSE_stress=    2.92 meV / A^3
2025-11-07 21:21:41.497 INFO: Epoch 5: head: Default, loss=0.00313672, RMSE_E_per_atom=  786.82 meV, RMSE_F=   66.79 meV / A, RMSE_stress=    4.47 meV / A^3
2025-11-07 21:23:27.687 INFO: Epoch 6: head: Default, loss=0.00149374, RMSE_E_per_atom=   34.13 meV, RMSE_F=   84.75 meV / A, RMSE_stress=    2.32 meV / A^3
2025-11-07 21:25:14.264 INFO: Epoch 7: head: Default, loss=0.01142176, RMSE_E_per_atom= 1691.94 meV, RMSE_F=  363.71 meV / A, RMSE_stress=    7.58 meV / A^3
2025-11-07 21:27:00.977 INFO: Epoch 8: head: Default, loss=0.00129449, RMSE_E_per_atom=   38.13 meV, RMSE_F=   72.23 meV / A, RMSE_stress=    4.04 meV / A^3
2025-11-07 21:28:47.083 INFO: Epoch 9: head: Default, loss=0.00092001, RMSE_E_per_atom=   11.49 meV, RMSE_F=   55.66 meV / A, RMSE_stress=    2.49 meV / A^3
2025-11-07 21:30:33.337 INFO: Epoch 10: head: Default, loss=0.00066405, RMSE_E_per_atom=    5.85 meV, RMSE_F=   41.29 meV / A, RMSE_stress=    2.68 meV / A^3
2025-11-07 21:32:19.468 INFO: Epoch 11: head: Default, loss=0.00062866, RMSE_E_per_atom=   13.84 meV, RMSE_F=   38.76 meV / A, RMSE_stress=    2.59 meV / A^3
2025-11-07 21:34:05.592 INFO: Epoch 12: head: Default, loss=0.00057051, RMSE_E_per_atom=   13.03 meV, RMSE_F=   35.24 meV / A, RMSE_stress=    2.61 meV / A^3
2025-11-07 21:35:52.324 INFO: Epoch 13: head: Default, loss=0.00052111, RMSE_E_per_atom=    8.14 meV, RMSE_F=   32.84 meV / A, RMSE_stress=    2.62 meV / A^3
2025-11-07 21:37:38.351 INFO: Epoch 14: head: Default, loss=0.00049710, RMSE_E_per_atom=    6.19 meV, RMSE_F=   31.42 meV / A, RMSE_stress=    2.63 meV / A^3
2025-11-07 21:39:24.620 INFO: Epoch 15: head: Default, loss=0.00047574, RMSE_E_per_atom=    4.41 meV, RMSE_F=   30.21 meV / A, RMSE_stress=    2.63 meV / A^3
2025-11-07 21:41:11.308 INFO: Epoch 16: head: Default, loss=0.00046106, RMSE_E_per_atom=    0.52 meV, RMSE_F=   29.43 meV / A, RMSE_stress=    2.64 meV / A^3
2025-11-07 21:42:56.653 INFO: Epoch 17: head: Default, loss=0.00045307, RMSE_E_per_atom=    0.83 meV, RMSE_F=   29.08 meV / A, RMSE_stress=    2.63 meV / A^3
2025-11-07 21:44:41.311 INFO: Epoch 18: head: Default, loss=0.00487346, RMSE_E_per_atom= 1614.23 meV, RMSE_F=   46.13 meV / A, RMSE_stress=    3.50 meV / A^3
2025-11-07 21:46:27.639 INFO: Epoch 19: head: Default, loss=0.02062893, RMSE_E_per_atom= 3150.73 meV, RMSE_F=  638.24 meV / A, RMSE_stress=    9.28 meV / A^3
2025-11-07 21:48:12.330 INFO: Epoch 20: head: Default, loss=0.02415994, RMSE_E_per_atom= 1797.15 meV, RMSE_F= 1004.17 meV / A, RMSE_stress=   11.48 meV / A^3
2025-11-07 21:49:57.599 INFO: Epoch 21: head: Default, loss=0.04040416, RMSE_E_per_atom= 5576.06 meV, RMSE_F= 1341.75 meV / A, RMSE_stress=   33.11 meV / A^3
2025-11-07 21:51:42.912 INFO: Epoch 22: head: Default, loss=0.02062153, RMSE_E_per_atom= 1915.54 meV, RMSE_F=  813.31 meV / A, RMSE_stress=    5.36 meV / A^3
2025-11-07 21:53:27.955 INFO: Epoch 23: head: Default, loss=0.00564754, RMSE_E_per_atom=  859.83 meV, RMSE_F=  182.31 meV / A, RMSE_stress=    3.06 meV / A^3
2025-11-07 21:55:12.842 INFO: Epoch 24: head: Default, loss=0.00437063, RMSE_E_per_atom=  559.05 meV, RMSE_F=  141.92 meV / A, RMSE_stress=   21.74 meV / A^3
2025-11-07 21:56:58.176 INFO: Epoch 25: head: Default, loss=0.00390783, RMSE_E_per_atom=  527.74 meV, RMSE_F=  128.36 meV / A, RMSE_stress=   19.35 meV / A^3
2025-11-07 21:58:42.922 INFO: Epoch 26: head: Default, loss=0.00867347, RMSE_E_per_atom=  609.26 meV, RMSE_F=  358.47 meV / A, RMSE_stress=   26.19 meV / A^3
2025-11-07 22:00:27.692 INFO: Epoch 27: head: Default, loss=0.00583864, RMSE_E_per_atom=  862.95 meV, RMSE_F=  180.53 meV / A, RMSE_stress=   21.07 meV / A^3
2025-11-07 22:02:12.501 INFO: Epoch 28: head: Default, loss=0.00239583, RMSE_E_per_atom=  414.27 meV, RMSE_F=   68.34 meV / A, RMSE_stress=   12.74 meV / A^3
2025-11-07 22:03:57.574 INFO: Epoch 29: head: Default, loss=0.00240619, RMSE_E_per_atom=   23.37 meV, RMSE_F=  122.03 meV / A, RMSE_stress=   10.67 meV / A^3
2025-11-07 22:03:57.673 INFO: Changing loss based on Stage Two Weights
2025-11-07 22:05:42.602 INFO: Epoch 30: head: Default, loss=0.01014138, RMSE_E_per_atom=   76.94 meV, RMSE_F=  108.27 meV / A, RMSE_stress=    7.66 meV / A^3
2025-11-07 22:07:27.416 INFO: Epoch 31: head: Default, loss=0.00609335, RMSE_E_per_atom=    1.92 meV, RMSE_F=   68.60 meV / A, RMSE_stress=    2.99 meV / A^3
2025-11-07 22:09:12.227 INFO: Epoch 32: head: Default, loss=0.00291822, RMSE_E_per_atom=   35.16 meV, RMSE_F=   34.99 meV / A, RMSE_stress=    2.68 meV / A^3
2025-11-07 22:10:57.464 INFO: Epoch 33: head: Default, loss=0.00240127, RMSE_E_per_atom=   22.54 meV, RMSE_F=   29.92 meV / A, RMSE_stress=    2.85 meV / A^3
2025-11-07 22:12:42.150 INFO: Epoch 34: head: Default, loss=0.00222160, RMSE_E_per_atom=   14.06 meV, RMSE_F=   28.28 meV / A, RMSE_stress=    2.83 meV / A^3
2025-11-07 22:14:26.990 INFO: Epoch 35: head: Default, loss=0.00208986, RMSE_E_per_atom=    7.70 meV, RMSE_F=   27.07 meV / A, RMSE_stress=    2.80 meV / A^3
2025-11-07 22:16:11.969 INFO: Epoch 36: head: Default, loss=0.00192047, RMSE_E_per_atom=    2.27 meV, RMSE_F=   25.34 meV / A, RMSE_stress=    2.76 meV / A^3
2025-11-07 22:17:56.802 INFO: Epoch 37: head: Default, loss=0.00154466, RMSE_E_per_atom=    1.95 meV, RMSE_F=   21.33 meV / A, RMSE_stress=    2.66 meV / A^3
2025-11-07 22:19:41.895 INFO: Epoch 38: head: Default, loss=0.00140385, RMSE_E_per_atom=    3.85 meV, RMSE_F=   19.93 meV / A, RMSE_stress=    2.63 meV / A^3
2025-11-07 22:21:26.816 INFO: Epoch 39: head: Default, loss=0.00135627, RMSE_E_per_atom=    4.97 meV, RMSE_F=   19.42 meV / A, RMSE_stress=    2.63 meV / A^3
2025-11-07 22:23:07.324 INFO: ===========VERIFYING SETTINGS===========
2025-11-07 22:23:07.325 WARNING: All of hidden_irreps, num_channels and max_L are specified
2025-11-07 22:23:07.325 WARNING: Using num_channels and max_L to create hidden_irreps: 128x0e+128x1o.
2025-11-07 22:23:07.325 INFO: Stage Two is activated as start_stage_two was defined
2025-11-07 22:23:07.325 INFO: MACE version: 0.3.14
2025-11-07 22:23:07.364 INFO: CUDA version: 11.8, CUDA device: 0
2025-11-07 22:23:07.404 INFO: ===========LOADING INPUT DATA===========
2025-11-07 22:23:07.404 INFO: Using heads: ['Default']
2025-11-07 22:23:07.404 INFO: Using the key specifications to parse data:
2025-11-07 22:23:07.404 INFO: Default: KeySpecification(info_keys={'energy': 'dft_energy', 'stress': 'stress', 'virials': 'REF_virials', 'dipole': 'dipole', 'head': 'head', 'elec_temp': 'elec_temp', 'total_charge': 'total_charge', 'polarizability': 'polarizability', 'total_spin': 'total_spin'}, arrays_keys={'forces': 'dft_forces', 'charges': 'REF_charges'})
2025-11-07 22:23:07.404 INFO: =============    Processing head Default     ===========
2025-11-07 22:23:07.863 WARNING: Since ASE version 3.23.0b1, using stress_key 'stress' is no longer safe when communicating between MACE and ASE. We recommend using a different key, rewriting 'stress' to 'REF_stress'. You need to use --stress_key='REF_stress' to specify the chosen key name.
2025-11-07 22:23:07.901 INFO: Training set 1/1 [energy: 927, stress: 928, virials: 0, dipole components: 0, head: 928, elec_temp: 0, total_charge: 0, polarizability: 0, total_spin: 0, forces: 927, charges: 0]
2025-11-07 22:23:07.905 INFO: Total Training set [energy: 927, stress: 928, virials: 0, dipole components: 0, head: 928, elec_temp: 0, total_charge: 0, polarizability: 0, total_spin: 0, forces: 927, charges: 0]
2025-11-07 22:23:07.974 WARNING: Since ASE version 3.23.0b1, using stress_key 'stress' is no longer safe when communicating between MACE and ASE. We recommend using a different key, rewriting 'stress' to 'REF_stress'. You need to use --stress_key='REF_stress' to specify the chosen key name.
2025-11-07 22:23:07.978 INFO: Validation set 1/1 [energy: 115, stress: 115, virials: 0, dipole components: 0, head: 115, elec_temp: 0, total_charge: 0, polarizability: 0, total_spin: 0, forces: 115, charges: 0]
2025-11-07 22:23:07.979 INFO: Total Validation set [energy: 115, stress: 115, virials: 0, dipole components: 0, head: 115, elec_temp: 0, total_charge: 0, polarizability: 0, total_spin: 0, forces: 115, charges: 0]
2025-11-07 22:23:08.047 WARNING: Since ASE version 3.23.0b1, using stress_key 'stress' is no longer safe when communicating between MACE and ASE. We recommend using a different key, rewriting 'stress' to 'REF_stress'. You need to use --stress_key='REF_stress' to specify the chosen key name.
2025-11-07 22:23:08.052 INFO: Test set 1/1 [energy: 116, stress: 116, virials: 0, dipole components: 0, head: 116, elec_temp: 0, total_charge: 0, polarizability: 0, total_spin: 0, forces: 116, charges: 0]
2025-11-07 22:23:08.053 INFO: Total Test set [energy: 116, stress: 116, virials: 0, dipole components: 0, head: 116, elec_temp: 0, total_charge: 0, polarizability: 0, total_spin: 0, forces: 116, charges: 0]
2025-11-07 22:23:08.053 INFO: Total number of configurations: train=928, valid=115, tests=[sp_Default: 116],
2025-11-07 22:23:08.053 INFO: Using atomic numbers from command line argument
2025-11-07 22:23:08.053 INFO: Atomic Numbers used: [47]
2025-11-07 22:23:08.053 INFO: Isolated Atomic Energies (E0s) not in training file, using command line argument
2025-11-07 22:23:08.053 INFO: Atomic Energies used (z: eV) for head Default: {47: -2.670131299573519}
2025-11-07 22:23:08.053 INFO: Processing datasets for head 'Default'
2025-11-07 22:23:10.221 INFO: Combining 1 list datasets for head 'Default'
2025-11-07 22:23:10.481 INFO: Combining 1 list datasets for head 'Default_valid'
2025-11-07 22:23:10.481 INFO: Combined validation datasets for Default
2025-11-07 22:23:10.481 INFO: Head 'Default' training dataset size: 928
2025-11-07 22:23:10.482 INFO: Computing average number of neighbors
2025-11-07 22:23:15.616 INFO: Average number of neighbors: 49.59964750748287
2025-11-07 22:23:15.616 INFO: HEADS used: ['Default']
2025-11-07 22:23:15.616 INFO: During training the following quantities will be reported: energy, forces, stress
2025-11-07 22:23:15.616 INFO: ===========MODEL DETAILS===========
2025-11-07 22:23:18.461 INFO: Building model
2025-11-07 22:23:18.461 INFO: Message passing with 128 channels and max_L=1 (128x0e+128x1o)
2025-11-07 22:23:18.462 INFO: 2 layers, each with correlation order: 2 (body order: 3) and spherical harmonics up to: l=3
2025-11-07 22:23:18.462 INFO: 8 radial and 5 basis functions
2025-11-07 22:23:18.462 INFO: Radial cutoff: 6.0 A (total receptive field for each atom: 12.0 A)
2025-11-07 22:23:18.462 INFO: Distance transform for radial basis functions: Agnesi
2025-11-07 22:23:18.462 INFO: Hidden irreps: 128x0e+128x1o
2025-11-07 22:23:19.485 INFO: Total number of parameters: 572322
2025-11-07 22:23:19.485 INFO: 
2025-11-07 22:23:19.485 INFO: ===========OPTIMIZER INFORMATION===========
2025-11-07 22:23:19.485 INFO: Using ADAM as parameter optimizer
2025-11-07 22:23:19.485 INFO: Batch size: 4
2025-11-07 22:23:19.485 INFO: Using Exponential Moving Average with decay: 0.99999
2025-11-07 22:23:19.486 INFO: Number of gradient updates: 23200
2025-11-07 22:23:19.486 INFO: Learning rate: 0.008, weight decay: 1e-08
2025-11-07 22:23:19.486 INFO: UniversalLoss(energy_weight=1.000, forces_weight=10.000, stress_weight=10.000)
2025-11-07 22:23:19.486 INFO: Stage Two (after 30 epochs) with loss function: UniversalLoss(energy_weight=1.000, forces_weight=50.000, stress_weight=10.000), with energy weight : 1.0, forces weight : 50.0, stress weight : 10.0 and learning rate : 0.001
2025-11-07 22:23:19.590 INFO: Using gradient clipping with tolerance=100.000
2025-11-07 22:23:19.590 INFO: 
2025-11-07 22:23:19.590 INFO: ===========TRAINING===========
2025-11-07 22:23:19.590 INFO: ===========MIXER CONFIG===========
2025-11-07 22:23:19.590 INFO: Readout: NonLinearReadoutBlock  [kan=OFF | kaf=OFF | libra=ON ]
2025-11-07 22:23:19.590 INFO: Interaction MLPs: node_librakan=OFF, edge_librakan=OFF
2025-11-07 22:23:19.591 INFO: ==================================
2025-11-07 22:23:19.591 INFO: Started training, reporting errors on validation set
2025-11-07 22:23:19.591 INFO: Loss metrics on validation set
2025-11-07 22:23:31.978 INFO: Initial: head: Default, loss=0.20072465, RMSE_E_per_atom=53308.55 meV, RMSE_F= 1881.40 meV / A, RMSE_stress= 1979.74 meV / A^3
2025-11-07 22:25:11.571 INFO: Epoch 0: head: Default, loss=0.00498325, RMSE_E_per_atom=  330.16 meV, RMSE_F=  238.09 meV / A, RMSE_stress=    4.13 meV / A^3
2025-11-07 22:26:39.091 INFO: Epoch 1: head: Default, loss=0.00268494, RMSE_E_per_atom=    3.56 meV, RMSE_F=  157.19 meV / A, RMSE_stress=    7.74 meV / A^3
2025-11-07 22:28:07.037 INFO: Epoch 2: head: Default, loss=0.00947259, RMSE_E_per_atom= 2177.82 meV, RMSE_F=  205.54 meV / A, RMSE_stress=   20.85 meV / A^3
2025-11-07 22:29:34.756 INFO: Epoch 3: head: Default, loss=0.00218008, RMSE_E_per_atom=   67.03 meV, RMSE_F=  118.69 meV / A, RMSE_stress=    3.29 meV / A^3
2025-11-07 22:31:02.511 INFO: Epoch 4: head: Default, loss=0.00129631, RMSE_E_per_atom=   76.66 meV, RMSE_F=   67.96 meV / A, RMSE_stress=    2.69 meV / A^3
2025-11-07 22:32:30.459 INFO: Epoch 5: head: Default, loss=0.00190586, RMSE_E_per_atom=   19.38 meV, RMSE_F=  101.55 meV / A, RMSE_stress=    8.66 meV / A^3
2025-11-07 22:33:57.984 INFO: Epoch 6: head: Default, loss=0.00782599, RMSE_E_per_atom=  400.85 meV, RMSE_F=  351.32 meV / A, RMSE_stress=   17.87 meV / A^3
2025-11-07 22:35:25.907 INFO: Epoch 7: head: Default, loss=0.00303636, RMSE_E_per_atom=   71.06 meV, RMSE_F=  153.24 meV / A, RMSE_stress=    7.39 meV / A^3
2025-11-07 22:36:54.173 INFO: Epoch 8: head: Default, loss=0.00135936, RMSE_E_per_atom=  203.51 meV, RMSE_F=   48.07 meV / A, RMSE_stress=    8.67 meV / A^3
2025-11-07 22:38:22.598 INFO: Epoch 9: head: Default, loss=0.00214377, RMSE_E_per_atom=  369.48 meV, RMSE_F=   52.65 meV / A, RMSE_stress=   29.17 meV / A^3
2025-11-07 22:39:50.702 INFO: Epoch 10: head: Default, loss=0.00384625, RMSE_E_per_atom=  206.41 meV, RMSE_F=  180.89 meV / A, RMSE_stress=    2.44 meV / A^3
2025-11-07 22:41:18.503 INFO: Epoch 11: head: Default, loss=0.00168218, RMSE_E_per_atom=  393.01 meV, RMSE_F=   41.08 meV / A, RMSE_stress=    3.95 meV / A^3
2025-11-07 22:42:46.417 INFO: Epoch 12: head: Default, loss=0.00186031, RMSE_E_per_atom=  147.41 meV, RMSE_F=   77.98 meV / A, RMSE_stress=    7.56 meV / A^3
2025-11-07 22:44:14.507 INFO: Epoch 13: head: Default, loss=0.00084236, RMSE_E_per_atom=   67.14 meV, RMSE_F=   41.12 meV / A, RMSE_stress=    5.27 meV / A^3
2025-11-07 22:45:42.301 INFO: Epoch 14: head: Default, loss=0.00161195, RMSE_E_per_atom=   43.03 meV, RMSE_F=   84.89 meV / A, RMSE_stress=    2.54 meV / A^3
2025-11-07 22:47:10.707 INFO: Epoch 15: head: Default, loss=0.00096495, RMSE_E_per_atom=    0.80 meV, RMSE_F=   57.22 meV / A, RMSE_stress=    2.63 meV / A^3
2025-11-07 22:48:38.830 INFO: Epoch 16: head: Default, loss=0.00077772, RMSE_E_per_atom=   12.87 meV, RMSE_F=   50.63 meV / A, RMSE_stress=    2.59 meV / A^3
2025-11-07 22:50:06.077 INFO: Epoch 17: head: Default, loss=0.00089460, RMSE_E_per_atom=   10.45 meV, RMSE_F=   53.80 meV / A, RMSE_stress=    2.74 meV / A^3
2025-11-07 22:51:33.702 INFO: Epoch 18: head: Default, loss=0.00066440, RMSE_E_per_atom=    7.46 meV, RMSE_F=   41.02 meV / A, RMSE_stress=    2.71 meV / A^3
2025-11-07 22:53:01.847 INFO: Epoch 19: head: Default, loss=0.00053561, RMSE_E_per_atom=    4.73 meV, RMSE_F=   34.14 meV / A, RMSE_stress=    2.63 meV / A^3
2025-11-07 22:54:29.628 INFO: Epoch 20: head: Default, loss=0.00047547, RMSE_E_per_atom=    2.61 meV, RMSE_F=   30.67 meV / A, RMSE_stress=    2.62 meV / A^3
2025-11-07 22:55:57.246 INFO: Epoch 21: head: Default, loss=0.00044534, RMSE_E_per_atom=    1.83 meV, RMSE_F=   28.80 meV / A, RMSE_stress=    2.61 meV / A^3
2025-11-07 22:57:24.632 INFO: Epoch 22: head: Default, loss=0.00043017, RMSE_E_per_atom=    0.49 meV, RMSE_F=   27.92 meV / A, RMSE_stress=    2.62 meV / A^3
2025-11-07 22:58:53.385 INFO: Epoch 23: head: Default, loss=0.00042064, RMSE_E_per_atom=    2.97 meV, RMSE_F=   27.31 meV / A, RMSE_stress=    2.63 meV / A^3
2025-11-07 23:00:21.224 INFO: Epoch 24: head: Default, loss=0.00040835, RMSE_E_per_atom=    0.47 meV, RMSE_F=   26.54 meV / A, RMSE_stress=    2.63 meV / A^3
2025-11-07 23:01:49.601 INFO: Epoch 25: head: Default, loss=0.00039840, RMSE_E_per_atom=    0.48 meV, RMSE_F=   25.94 meV / A, RMSE_stress=    2.64 meV / A^3
2025-11-07 23:03:17.409 INFO: Epoch 26: head: Default, loss=0.00039000, RMSE_E_per_atom=    0.48 meV, RMSE_F=   25.44 meV / A, RMSE_stress=    2.64 meV / A^3
2025-11-07 23:04:44.827 INFO: Epoch 27: head: Default, loss=0.00038119, RMSE_E_per_atom=    0.42 meV, RMSE_F=   24.93 meV / A, RMSE_stress=    2.65 meV / A^3
2025-11-07 23:06:12.005 INFO: Epoch 28: head: Default, loss=0.00037279, RMSE_E_per_atom=    0.97 meV, RMSE_F=   24.47 meV / A, RMSE_stress=    2.65 meV / A^3
2025-11-07 23:07:39.273 INFO: Epoch 29: head: Default, loss=0.00036524, RMSE_E_per_atom=    0.97 meV, RMSE_F=   24.06 meV / A, RMSE_stress=    2.65 meV / A^3
2025-11-07 23:07:39.331 INFO: Changing loss based on Stage Two Weights
2025-11-07 23:09:06.516 INFO: Epoch 30: head: Default, loss=0.00174763, RMSE_E_per_atom=    0.90 meV, RMSE_F=   23.58 meV / A, RMSE_stress=    2.65 meV / A^3
2025-11-07 23:10:34.245 INFO: Epoch 31: head: Default, loss=0.00174532, RMSE_E_per_atom=    4.62 meV, RMSE_F=   23.72 meV / A, RMSE_stress=    2.66 meV / A^3
2025-11-07 23:12:01.313 INFO: Epoch 32: head: Default, loss=0.00325932, RMSE_E_per_atom=   81.89 meV, RMSE_F=   38.07 meV / A, RMSE_stress=    2.56 meV / A^3
2025-11-07 23:13:28.882 INFO: Epoch 33: head: Default, loss=0.00473406, RMSE_E_per_atom=  140.18 meV, RMSE_F=   51.42 meV / A, RMSE_stress=    2.55 meV / A^3
2025-11-07 23:14:56.365 INFO: Epoch 34: head: Default, loss=0.00416326, RMSE_E_per_atom=  172.10 meV, RMSE_F=   45.70 meV / A, RMSE_stress=    2.83 meV / A^3
2025-11-07 23:16:23.601 INFO: Epoch 35: head: Default, loss=0.00406491, RMSE_E_per_atom=   97.46 meV, RMSE_F=   44.43 meV / A, RMSE_stress=    2.84 meV / A^3
2025-11-07 23:17:50.572 INFO: Epoch 36: head: Default, loss=0.00487274, RMSE_E_per_atom=   12.86 meV, RMSE_F=   55.07 meV / A, RMSE_stress=    2.91 meV / A^3
2025-11-07 23:19:17.619 INFO: Epoch 37: head: Default, loss=0.00433204, RMSE_E_per_atom=   32.59 meV, RMSE_F=   49.33 meV / A, RMSE_stress=    3.00 meV / A^3
2025-11-07 23:20:45.025 INFO: Epoch 38: head: Default, loss=0.00351161, RMSE_E_per_atom=   50.94 meV, RMSE_F=   40.60 meV / A, RMSE_stress=    3.02 meV / A^3
2025-11-07 23:22:11.881 INFO: Epoch 39: head: Default, loss=0.00281729, RMSE_E_per_atom=   49.91 meV, RMSE_F=   33.51 meV / A, RMSE_stress=    3.01 meV / A^3
2025-11-07 23:23:39.269 INFO: Epoch 40: head: Default, loss=0.00234527, RMSE_E_per_atom=   45.62 meV, RMSE_F=   28.71 meV / A, RMSE_stress=    3.00 meV / A^3
2025-11-07 23:25:06.250 INFO: Epoch 41: head: Default, loss=0.00202989, RMSE_E_per_atom=   39.63 meV, RMSE_F=   25.55 meV / A, RMSE_stress=    3.00 meV / A^3
2025-11-07 23:26:33.747 INFO: Epoch 42: head: Default, loss=0.00182313, RMSE_E_per_atom=   32.96 meV, RMSE_F=   23.53 meV / A, RMSE_stress=    2.96 meV / A^3
2025-11-07 23:28:01.203 INFO: Epoch 43: head: Default, loss=0.00167636, RMSE_E_per_atom=   25.90 meV, RMSE_F=   22.15 meV / A, RMSE_stress=    2.91 meV / A^3
2025-11-07 23:29:28.476 INFO: Epoch 44: head: Default, loss=0.00157160, RMSE_E_per_atom=   19.50 meV, RMSE_F=   21.20 meV / A, RMSE_stress=    2.87 meV / A^3
2025-11-07 23:30:55.961 INFO: Epoch 45: head: Default, loss=0.00147664, RMSE_E_per_atom=   14.28 meV, RMSE_F=   20.32 meV / A, RMSE_stress=    2.80 meV / A^3
2025-11-07 23:32:23.574 INFO: Epoch 46: head: Default, loss=0.00141848, RMSE_E_per_atom=    9.87 meV, RMSE_F=   19.81 meV / A, RMSE_stress=    2.77 meV / A^3
2025-11-07 23:33:50.822 INFO: Epoch 47: head: Default, loss=0.00137715, RMSE_E_per_atom=    6.85 meV, RMSE_F=   19.43 meV / A, RMSE_stress=    2.75 meV / A^3
2025-11-07 23:35:18.265 INFO: Epoch 48: head: Default, loss=0.00134129, RMSE_E_per_atom=    4.14 meV, RMSE_F=   19.07 meV / A, RMSE_stress=    2.72 meV / A^3
2025-11-07 23:36:45.305 INFO: Epoch 49: head: Default, loss=0.00131642, RMSE_E_per_atom=    2.65 meV, RMSE_F=   18.82 meV / A, RMSE_stress=    2.71 meV / A^3
2025-11-07 23:38:12.715 INFO: Epoch 50: head: Default, loss=0.00129478, RMSE_E_per_atom=    0.81 meV, RMSE_F=   18.59 meV / A, RMSE_stress=    2.70 meV / A^3
2025-11-07 23:39:40.259 INFO: Epoch 51: head: Default, loss=0.00127815, RMSE_E_per_atom=    1.08 meV, RMSE_F=   18.40 meV / A, RMSE_stress=    2.70 meV / A^3
2025-11-07 23:41:07.564 INFO: Epoch 52: head: Default, loss=0.00126310, RMSE_E_per_atom=    1.78 meV, RMSE_F=   18.24 meV / A, RMSE_stress=    2.70 meV / A^3
2025-11-07 23:42:34.733 INFO: Epoch 53: head: Default, loss=0.00124841, RMSE_E_per_atom=    2.68 meV, RMSE_F=   18.07 meV / A, RMSE_stress=    2.70 meV / A^3
2025-11-07 23:44:02.601 INFO: Epoch 54: head: Default, loss=0.00123421, RMSE_E_per_atom=    2.76 meV, RMSE_F=   17.91 meV / A, RMSE_stress=    2.69 meV / A^3
2025-11-07 23:45:30.270 INFO: Epoch 55: head: Default, loss=0.00122137, RMSE_E_per_atom=    3.43 meV, RMSE_F=   17.77 meV / A, RMSE_stress=    2.69 meV / A^3
2025-11-07 23:47:00.020 INFO: Epoch 56: head: Default, loss=0.00121073, RMSE_E_per_atom=    4.38 meV, RMSE_F=   17.64 meV / A, RMSE_stress=    2.68 meV / A^3
2025-11-07 23:48:29.315 INFO: Epoch 57: head: Default, loss=0.00120159, RMSE_E_per_atom=    5.98 meV, RMSE_F=   17.52 meV / A, RMSE_stress=    2.68 meV / A^3
2025-11-07 23:49:57.675 INFO: Epoch 58: head: Default, loss=0.00119196, RMSE_E_per_atom=    6.29 meV, RMSE_F=   17.42 meV / A, RMSE_stress=    2.67 meV / A^3
2025-11-07 23:51:26.564 INFO: Epoch 59: head: Default, loss=0.00118189, RMSE_E_per_atom=    6.19 meV, RMSE_F=   17.31 meV / A, RMSE_stress=    2.67 meV / A^3
2025-11-07 23:52:54.024 INFO: Epoch 60: head: Default, loss=0.00117247, RMSE_E_per_atom=    5.80 meV, RMSE_F=   17.21 meV / A, RMSE_stress=    2.67 meV / A^3
2025-11-07 23:54:22.505 INFO: Epoch 61: head: Default, loss=0.00116405, RMSE_E_per_atom=    6.10 meV, RMSE_F=   17.11 meV / A, RMSE_stress=    2.66 meV / A^3
2025-11-07 23:55:50.182 INFO: Epoch 62: head: Default, loss=0.00115603, RMSE_E_per_atom=    6.31 meV, RMSE_F=   17.02 meV / A, RMSE_stress=    2.66 meV / A^3
2025-11-07 23:57:18.822 INFO: Epoch 63: head: Default, loss=0.00114802, RMSE_E_per_atom=    6.28 meV, RMSE_F=   16.93 meV / A, RMSE_stress=    2.66 meV / A^3
2025-11-07 23:58:46.102 INFO: Epoch 64: head: Default, loss=0.00114089, RMSE_E_per_atom=    6.77 meV, RMSE_F=   16.85 meV / A, RMSE_stress=    2.66 meV / A^3
2025-11-08 00:00:13.349 INFO: Epoch 65: head: Default, loss=0.00113306, RMSE_E_per_atom=    6.73 meV, RMSE_F=   16.76 meV / A, RMSE_stress=    2.66 meV / A^3
2025-11-08 00:01:40.641 INFO: Epoch 66: head: Default, loss=0.00112482, RMSE_E_per_atom=    6.21 meV, RMSE_F=   16.68 meV / A, RMSE_stress=    2.66 meV / A^3
2025-11-08 00:03:08.365 INFO: Epoch 67: head: Default, loss=0.00111777, RMSE_E_per_atom=    6.29 meV, RMSE_F=   16.60 meV / A, RMSE_stress=    2.66 meV / A^3
2025-11-08 00:04:35.506 INFO: Epoch 68: head: Default, loss=0.00113898, RMSE_E_per_atom=   10.90 meV, RMSE_F=   16.71 meV / A, RMSE_stress=    2.66 meV / A^3
2025-11-08 00:06:02.448 INFO: Epoch 69: head: Default, loss=0.00124754, RMSE_E_per_atom=   17.90 meV, RMSE_F=   17.71 meV / A, RMSE_stress=    2.68 meV / A^3
2025-11-08 00:07:29.396 INFO: Epoch 70: head: Default, loss=0.00140832, RMSE_E_per_atom=   23.43 meV, RMSE_F=   19.32 meV / A, RMSE_stress=    2.69 meV / A^3
2025-11-08 00:08:56.737 INFO: Epoch 71: head: Default, loss=0.00160158, RMSE_E_per_atom=   27.88 meV, RMSE_F=   21.30 meV / A, RMSE_stress=    2.70 meV / A^3
2025-11-08 00:10:24.122 INFO: Epoch 72: head: Default, loss=0.00180260, RMSE_E_per_atom=   31.33 meV, RMSE_F=   23.38 meV / A, RMSE_stress=    2.70 meV / A^3
2025-11-08 00:11:51.168 INFO: Epoch 73: head: Default, loss=0.00190294, RMSE_E_per_atom=   33.38 meV, RMSE_F=   24.35 meV / A, RMSE_stress=    2.68 meV / A^3
2025-11-08 00:13:18.480 INFO: Epoch 74: head: Default, loss=0.00184437, RMSE_E_per_atom=   34.47 meV, RMSE_F=   24.07 meV / A, RMSE_stress=    2.66 meV / A^3
2025-11-08 00:14:45.561 INFO: Epoch 75: head: Default, loss=0.00208012, RMSE_E_per_atom=   33.66 meV, RMSE_F=   27.06 meV / A, RMSE_stress=    2.66 meV / A^3
2025-11-08 00:16:12.786 INFO: Epoch 76: head: Default, loss=0.00231384, RMSE_E_per_atom=   31.07 meV, RMSE_F=   28.89 meV / A, RMSE_stress=    2.66 meV / A^3
2025-11-08 00:17:39.777 INFO: Epoch 77: head: Default, loss=0.00215122, RMSE_E_per_atom=   27.74 meV, RMSE_F=   27.09 meV / A, RMSE_stress=    2.65 meV / A^3
2025-11-08 00:19:06.664 INFO: Epoch 78: head: Default, loss=0.00196260, RMSE_E_per_atom=   24.98 meV, RMSE_F=   25.20 meV / A, RMSE_stress=    2.64 meV / A^3
2025-11-08 00:20:33.936 INFO: Epoch 79: head: Default, loss=0.00180098, RMSE_E_per_atom=   22.23 meV, RMSE_F=   23.59 meV / A, RMSE_stress=    2.64 meV / A^3
2025-11-08 00:22:01.633 INFO: Epoch 80: head: Default, loss=0.00166316, RMSE_E_per_atom=   20.12 meV, RMSE_F=   22.20 meV / A, RMSE_stress=    2.64 meV / A^3
2025-11-08 00:23:28.666 INFO: Epoch 81: head: Default, loss=0.00154865, RMSE_E_per_atom=   17.83 meV, RMSE_F=   21.05 meV / A, RMSE_stress=    2.64 meV / A^3
2025-11-08 00:24:55.570 INFO: Epoch 82: head: Default, loss=0.00145898, RMSE_E_per_atom=   16.06 meV, RMSE_F=   20.13 meV / A, RMSE_stress=    2.63 meV / A^3
2025-11-08 00:26:22.670 INFO: Epoch 83: head: Default, loss=0.00144598, RMSE_E_per_atom=   12.58 meV, RMSE_F=   20.07 meV / A, RMSE_stress=    2.62 meV / A^3
2025-11-08 00:27:50.333 INFO: Epoch 84: head: Default, loss=0.00134452, RMSE_E_per_atom=   10.89 meV, RMSE_F=   19.03 meV / A, RMSE_stress=    2.59 meV / A^3
2025-11-08 00:29:17.219 INFO: Epoch 85: head: Default, loss=0.00121485, RMSE_E_per_atom=   10.42 meV, RMSE_F=   17.63 meV / A, RMSE_stress=    2.60 meV / A^3
2025-11-08 00:30:44.144 INFO: Epoch 86: head: Default, loss=0.00112697, RMSE_E_per_atom=    9.53 meV, RMSE_F=   16.66 meV / A, RMSE_stress=    2.62 meV / A^3
2025-11-08 00:32:11.531 INFO: Epoch 87: head: Default, loss=0.00107326, RMSE_E_per_atom=    8.77 meV, RMSE_F=   16.06 meV / A, RMSE_stress=    2.64 meV / A^3
2025-11-08 00:33:38.644 INFO: Epoch 88: head: Default, loss=0.00104352, RMSE_E_per_atom=    8.32 meV, RMSE_F=   15.73 meV / A, RMSE_stress=    2.65 meV / A^3
2025-11-08 00:35:06.219 INFO: Epoch 89: head: Default, loss=0.00102332, RMSE_E_per_atom=    7.83 meV, RMSE_F=   15.51 meV / A, RMSE_stress=    2.65 meV / A^3
2025-11-08 00:36:33.364 INFO: Epoch 90: head: Default, loss=0.00101191, RMSE_E_per_atom=    7.78 meV, RMSE_F=   15.38 meV / A, RMSE_stress=    2.66 meV / A^3
2025-11-08 00:38:00.584 INFO: Epoch 91: head: Default, loss=0.00100334, RMSE_E_per_atom=    7.41 meV, RMSE_F=   15.28 meV / A, RMSE_stress=    2.65 meV / A^3
2025-11-08 00:39:27.610 INFO: Epoch 92: head: Default, loss=0.00099504, RMSE_E_per_atom=    6.44 meV, RMSE_F=   15.21 meV / A, RMSE_stress=    2.65 meV / A^3
2025-11-08 00:40:54.819 INFO: Epoch 93: head: Default, loss=0.00098828, RMSE_E_per_atom=    5.62 meV, RMSE_F=   15.15 meV / A, RMSE_stress=    2.65 meV / A^3
2025-11-08 00:42:22.057 INFO: Epoch 94: head: Default, loss=0.00098268, RMSE_E_per_atom=    5.25 meV, RMSE_F=   15.09 meV / A, RMSE_stress=    2.65 meV / A^3
2025-11-08 00:43:49.017 INFO: Epoch 95: head: Default, loss=0.00097769, RMSE_E_per_atom=    5.00 meV, RMSE_F=   15.04 meV / A, RMSE_stress=    2.64 meV / A^3
2025-11-08 00:45:16.115 INFO: Epoch 96: head: Default, loss=0.00097318, RMSE_E_per_atom=    4.92 meV, RMSE_F=   14.99 meV / A, RMSE_stress=    2.64 meV / A^3
2025-11-08 00:46:43.434 INFO: Epoch 97: head: Default, loss=0.00096880, RMSE_E_per_atom=    4.91 meV, RMSE_F=   14.94 meV / A, RMSE_stress=    2.64 meV / A^3
2025-11-08 00:48:10.485 INFO: Epoch 98: head: Default, loss=0.00096428, RMSE_E_per_atom=    4.56 meV, RMSE_F=   14.90 meV / A, RMSE_stress=    2.64 meV / A^3
2025-11-08 00:49:37.462 INFO: Epoch 99: head: Default, loss=0.00095986, RMSE_E_per_atom=    4.26 meV, RMSE_F=   14.85 meV / A, RMSE_stress=    2.63 meV / A^3
2025-11-08 00:49:37.558 INFO: Training complete
2025-11-08 00:49:37.559 INFO: 
2025-11-08 00:49:37.559 INFO: ===========RESULTS===========
2025-11-08 00:49:37.853 INFO: Loading checkpoint: /home/ubuntu/Downloads/mace-kan/checkpoints/MACE_Ag_libra_run-1_epoch-29.pt
2025-11-08 00:49:37.914 INFO: Loaded Stage one model from epoch 29 for evaluation
2025-11-08 00:49:37.915 INFO: Saving model to /home/ubuntu/Downloads/mace-kan/checkpoints/MACE_Ag_libra_run-1.model
2025-11-08 10:12:29.943 INFO: ===========VERIFYING SETTINGS===========
2025-11-08 10:12:29.944 WARNING: All of hidden_irreps, num_channels and max_L are specified
2025-11-08 10:12:29.945 WARNING: Using num_channels and max_L to create hidden_irreps: 128x0e+128x1o.
2025-11-08 10:12:29.946 INFO: Stage Two is activated as start_stage_two was defined
2025-11-08 10:12:29.946 INFO: MACE version: 0.3.14
2025-11-08 10:12:29.979 INFO: CUDA version: 11.8, CUDA device: 0
2025-11-08 10:12:30.015 INFO: ===========LOADING INPUT DATA===========
2025-11-08 10:12:30.015 INFO: Using heads: ['Default']
2025-11-08 10:12:30.015 INFO: Using the key specifications to parse data:
2025-11-08 10:12:30.015 INFO: Default: KeySpecification(info_keys={'energy': 'dft_energy', 'stress': 'stress', 'virials': 'REF_virials', 'dipole': 'dipole', 'head': 'head', 'elec_temp': 'elec_temp', 'total_charge': 'total_charge', 'polarizability': 'polarizability', 'total_spin': 'total_spin'}, arrays_keys={'forces': 'dft_forces', 'charges': 'REF_charges'})
2025-11-08 10:12:30.015 INFO: =============    Processing head Default     ===========
2025-11-08 10:12:30.435 WARNING: Since ASE version 3.23.0b1, using stress_key 'stress' is no longer safe when communicating between MACE and ASE. We recommend using a different key, rewriting 'stress' to 'REF_stress'. You need to use --stress_key='REF_stress' to specify the chosen key name.
2025-11-08 10:12:30.468 INFO: Training set 1/1 [energy: 927, stress: 928, virials: 0, dipole components: 0, head: 928, elec_temp: 0, total_charge: 0, polarizability: 0, total_spin: 0, forces: 927, charges: 0]
2025-11-08 10:12:30.473 INFO: Total Training set [energy: 927, stress: 928, virials: 0, dipole components: 0, head: 928, elec_temp: 0, total_charge: 0, polarizability: 0, total_spin: 0, forces: 927, charges: 0]
2025-11-08 10:12:30.537 WARNING: Since ASE version 3.23.0b1, using stress_key 'stress' is no longer safe when communicating between MACE and ASE. We recommend using a different key, rewriting 'stress' to 'REF_stress'. You need to use --stress_key='REF_stress' to specify the chosen key name.
2025-11-08 10:12:30.542 INFO: Validation set 1/1 [energy: 115, stress: 115, virials: 0, dipole components: 0, head: 115, elec_temp: 0, total_charge: 0, polarizability: 0, total_spin: 0, forces: 115, charges: 0]
2025-11-08 10:12:30.543 INFO: Total Validation set [energy: 115, stress: 115, virials: 0, dipole components: 0, head: 115, elec_temp: 0, total_charge: 0, polarizability: 0, total_spin: 0, forces: 115, charges: 0]
2025-11-08 10:12:30.609 WARNING: Since ASE version 3.23.0b1, using stress_key 'stress' is no longer safe when communicating between MACE and ASE. We recommend using a different key, rewriting 'stress' to 'REF_stress'. You need to use --stress_key='REF_stress' to specify the chosen key name.
2025-11-08 10:12:30.614 INFO: Test set 1/1 [energy: 116, stress: 116, virials: 0, dipole components: 0, head: 116, elec_temp: 0, total_charge: 0, polarizability: 0, total_spin: 0, forces: 116, charges: 0]
2025-11-08 10:12:30.615 INFO: Total Test set [energy: 116, stress: 116, virials: 0, dipole components: 0, head: 116, elec_temp: 0, total_charge: 0, polarizability: 0, total_spin: 0, forces: 116, charges: 0]
2025-11-08 10:12:30.616 INFO: Total number of configurations: train=928, valid=115, tests=[sp_Default: 116],
2025-11-08 10:12:30.616 INFO: Using atomic numbers from command line argument
2025-11-08 10:12:30.616 INFO: Atomic Numbers used: [47]
2025-11-08 10:12:30.617 INFO: Isolated Atomic Energies (E0s) not in training file, using command line argument
2025-11-08 10:12:30.617 INFO: Atomic Energies used (z: eV) for head Default: {47: -2.670131299573519}
2025-11-08 10:12:30.617 INFO: Processing datasets for head 'Default'
2025-11-08 10:12:32.529 INFO: Combining 1 list datasets for head 'Default'
2025-11-08 10:12:32.758 INFO: Combining 1 list datasets for head 'Default_valid'
2025-11-08 10:12:32.758 INFO: Combined validation datasets for Default
2025-11-08 10:12:32.758 INFO: Head 'Default' training dataset size: 928
2025-11-08 10:12:32.760 INFO: Computing average number of neighbors
2025-11-08 10:12:38.487 INFO: Average number of neighbors: 49.59964750748287
2025-11-08 10:12:38.517 INFO: HEADS used: ['Default']
2025-11-08 10:12:38.517 INFO: During training the following quantities will be reported: energy, forces, stress
2025-11-08 10:12:38.517 INFO: ===========MODEL DETAILS===========
2025-11-08 10:12:41.401 INFO: Building model
2025-11-08 10:12:41.401 INFO: Message passing with 128 channels and max_L=1 (128x0e+128x1o)
2025-11-08 10:12:41.401 INFO: 2 layers, each with correlation order: 2 (body order: 3) and spherical harmonics up to: l=3
2025-11-08 10:12:41.401 INFO: 8 radial and 5 basis functions
2025-11-08 10:12:41.402 INFO: Radial cutoff: 6.0 A (total receptive field for each atom: 12.0 A)
2025-11-08 10:12:41.402 INFO: Distance transform for radial basis functions: Agnesi
2025-11-08 10:12:41.402 INFO: Hidden irreps: 128x0e+128x1o
2025-11-08 10:13:35.301 INFO: ===========VERIFYING SETTINGS===========
2025-11-08 10:13:35.302 WARNING: All of hidden_irreps, num_channels and max_L are specified
2025-11-08 10:13:35.302 WARNING: Using num_channels and max_L to create hidden_irreps: 128x0e+128x1o.
2025-11-08 10:13:35.302 INFO: Stage Two is activated as start_stage_two was defined
2025-11-08 10:13:35.302 INFO: MACE version: 0.3.14
2025-11-08 10:13:35.330 INFO: CUDA version: 11.8, CUDA device: 0
2025-11-08 10:13:35.364 INFO: ===========LOADING INPUT DATA===========
2025-11-08 10:13:35.364 INFO: Using heads: ['Default']
2025-11-08 10:13:35.364 INFO: Using the key specifications to parse data:
2025-11-08 10:13:35.364 INFO: Default: KeySpecification(info_keys={'energy': 'dft_energy', 'stress': 'stress', 'virials': 'REF_virials', 'dipole': 'dipole', 'head': 'head', 'elec_temp': 'elec_temp', 'total_charge': 'total_charge', 'polarizability': 'polarizability', 'total_spin': 'total_spin'}, arrays_keys={'forces': 'dft_forces', 'charges': 'REF_charges'})
2025-11-08 10:13:35.364 INFO: =============    Processing head Default     ===========
2025-11-08 10:13:35.791 WARNING: Since ASE version 3.23.0b1, using stress_key 'stress' is no longer safe when communicating between MACE and ASE. We recommend using a different key, rewriting 'stress' to 'REF_stress'. You need to use --stress_key='REF_stress' to specify the chosen key name.
2025-11-08 10:13:35.834 INFO: Training set 1/1 [energy: 927, stress: 928, virials: 0, dipole components: 0, head: 928, elec_temp: 0, total_charge: 0, polarizability: 0, total_spin: 0, forces: 927, charges: 0]
2025-11-08 10:13:35.839 INFO: Total Training set [energy: 927, stress: 928, virials: 0, dipole components: 0, head: 928, elec_temp: 0, total_charge: 0, polarizability: 0, total_spin: 0, forces: 927, charges: 0]
2025-11-08 10:13:35.907 WARNING: Since ASE version 3.23.0b1, using stress_key 'stress' is no longer safe when communicating between MACE and ASE. We recommend using a different key, rewriting 'stress' to 'REF_stress'. You need to use --stress_key='REF_stress' to specify the chosen key name.
2025-11-08 10:13:35.911 INFO: Validation set 1/1 [energy: 115, stress: 115, virials: 0, dipole components: 0, head: 115, elec_temp: 0, total_charge: 0, polarizability: 0, total_spin: 0, forces: 115, charges: 0]
2025-11-08 10:13:35.912 INFO: Total Validation set [energy: 115, stress: 115, virials: 0, dipole components: 0, head: 115, elec_temp: 0, total_charge: 0, polarizability: 0, total_spin: 0, forces: 115, charges: 0]
2025-11-08 10:13:35.977 WARNING: Since ASE version 3.23.0b1, using stress_key 'stress' is no longer safe when communicating between MACE and ASE. We recommend using a different key, rewriting 'stress' to 'REF_stress'. You need to use --stress_key='REF_stress' to specify the chosen key name.
2025-11-08 10:13:35.981 INFO: Test set 1/1 [energy: 116, stress: 116, virials: 0, dipole components: 0, head: 116, elec_temp: 0, total_charge: 0, polarizability: 0, total_spin: 0, forces: 116, charges: 0]
2025-11-08 10:13:36.182 INFO: Total Test set [energy: 116, stress: 116, virials: 0, dipole components: 0, head: 116, elec_temp: 0, total_charge: 0, polarizability: 0, total_spin: 0, forces: 116, charges: 0]
2025-11-08 10:13:36.182 INFO: Total number of configurations: train=928, valid=115, tests=[sp_Default: 116],
2025-11-08 10:13:36.183 INFO: Using atomic numbers from command line argument
2025-11-08 10:13:36.183 INFO: Atomic Numbers used: [47]
2025-11-08 10:13:36.183 INFO: Isolated Atomic Energies (E0s) not in training file, using command line argument
2025-11-08 10:13:36.183 INFO: Atomic Energies used (z: eV) for head Default: {47: -2.670131299573519}
2025-11-08 10:13:36.183 INFO: Processing datasets for head 'Default'
2025-11-08 10:13:37.973 INFO: Combining 1 list datasets for head 'Default'
2025-11-08 10:13:38.202 INFO: Combining 1 list datasets for head 'Default_valid'
2025-11-08 10:13:38.202 INFO: Combined validation datasets for Default
2025-11-08 10:13:38.202 INFO: Head 'Default' training dataset size: 928
2025-11-08 10:13:38.203 INFO: Computing average number of neighbors
2025-11-08 10:13:43.126 INFO: Average number of neighbors: 49.59964750748287
2025-11-08 10:13:43.126 INFO: HEADS used: ['Default']
2025-11-08 10:13:43.126 INFO: During training the following quantities will be reported: energy, forces, stress
2025-11-08 10:13:43.126 INFO: ===========MODEL DETAILS===========
2025-11-08 10:13:45.985 INFO: Building model
2025-11-08 10:13:45.985 INFO: Message passing with 128 channels and max_L=1 (128x0e+128x1o)
2025-11-08 10:13:45.985 INFO: 2 layers, each with correlation order: 2 (body order: 3) and spherical harmonics up to: l=3
2025-11-08 10:13:45.985 INFO: 8 radial and 5 basis functions
2025-11-08 10:13:45.985 INFO: Radial cutoff: 6.0 A (total receptive field for each atom: 12.0 A)
2025-11-08 10:13:45.985 INFO: Distance transform for radial basis functions: Agnesi
2025-11-08 10:13:45.985 INFO: Hidden irreps: 128x0e+128x1o
2025-11-08 10:30:41.179 INFO: ===========VERIFYING SETTINGS===========
2025-11-08 10:30:41.180 WARNING: All of hidden_irreps, num_channels and max_L are specified
2025-11-08 10:30:41.180 WARNING: Using num_channels and max_L to create hidden_irreps: 128x0e+128x1o.
2025-11-08 10:30:41.180 INFO: Stage Two is activated as start_stage_two was defined
2025-11-08 10:30:41.180 INFO: MACE version: 0.3.14
2025-11-08 10:30:41.213 INFO: CUDA version: 11.8, CUDA device: 0
2025-11-08 10:30:41.249 INFO: ===========LOADING INPUT DATA===========
2025-11-08 10:30:41.250 INFO: Using heads: ['Default']
2025-11-08 10:30:41.250 INFO: Using the key specifications to parse data:
2025-11-08 10:30:41.250 INFO: Default: KeySpecification(info_keys={'energy': 'dft_energy', 'stress': 'stress', 'virials': 'REF_virials', 'dipole': 'dipole', 'head': 'head', 'elec_temp': 'elec_temp', 'total_charge': 'total_charge', 'polarizability': 'polarizability', 'total_spin': 'total_spin'}, arrays_keys={'forces': 'dft_forces', 'charges': 'REF_charges'})
2025-11-08 10:30:41.250 INFO: =============    Processing head Default     ===========
2025-11-08 10:30:41.693 WARNING: Since ASE version 3.23.0b1, using stress_key 'stress' is no longer safe when communicating between MACE and ASE. We recommend using a different key, rewriting 'stress' to 'REF_stress'. You need to use --stress_key='REF_stress' to specify the chosen key name.
2025-11-08 10:30:41.727 INFO: Training set 1/1 [energy: 927, stress: 928, virials: 0, dipole components: 0, head: 928, elec_temp: 0, total_charge: 0, polarizability: 0, total_spin: 0, forces: 927, charges: 0]
2025-11-08 10:30:41.732 INFO: Total Training set [energy: 927, stress: 928, virials: 0, dipole components: 0, head: 928, elec_temp: 0, total_charge: 0, polarizability: 0, total_spin: 0, forces: 927, charges: 0]
2025-11-08 10:30:41.799 WARNING: Since ASE version 3.23.0b1, using stress_key 'stress' is no longer safe when communicating between MACE and ASE. We recommend using a different key, rewriting 'stress' to 'REF_stress'. You need to use --stress_key='REF_stress' to specify the chosen key name.
2025-11-08 10:30:41.803 INFO: Validation set 1/1 [energy: 115, stress: 115, virials: 0, dipole components: 0, head: 115, elec_temp: 0, total_charge: 0, polarizability: 0, total_spin: 0, forces: 115, charges: 0]
2025-11-08 10:30:41.804 INFO: Total Validation set [energy: 115, stress: 115, virials: 0, dipole components: 0, head: 115, elec_temp: 0, total_charge: 0, polarizability: 0, total_spin: 0, forces: 115, charges: 0]
2025-11-08 10:30:41.877 WARNING: Since ASE version 3.23.0b1, using stress_key 'stress' is no longer safe when communicating between MACE and ASE. We recommend using a different key, rewriting 'stress' to 'REF_stress'. You need to use --stress_key='REF_stress' to specify the chosen key name.
2025-11-08 10:30:41.882 INFO: Test set 1/1 [energy: 116, stress: 116, virials: 0, dipole components: 0, head: 116, elec_temp: 0, total_charge: 0, polarizability: 0, total_spin: 0, forces: 116, charges: 0]
2025-11-08 10:30:41.882 INFO: Total Test set [energy: 116, stress: 116, virials: 0, dipole components: 0, head: 116, elec_temp: 0, total_charge: 0, polarizability: 0, total_spin: 0, forces: 116, charges: 0]
2025-11-08 10:30:41.883 INFO: Total number of configurations: train=928, valid=115, tests=[sp_Default: 116],
2025-11-08 10:30:41.883 INFO: Using atomic numbers from command line argument
2025-11-08 10:30:41.883 INFO: Atomic Numbers used: [47]
2025-11-08 10:30:41.883 INFO: Isolated Atomic Energies (E0s) not in training file, using command line argument
2025-11-08 10:30:41.883 INFO: Atomic Energies used (z: eV) for head Default: {47: -2.670131299573519}
2025-11-08 10:30:41.883 INFO: Processing datasets for head 'Default'
2025-11-08 10:30:43.835 INFO: Combining 1 list datasets for head 'Default'
2025-11-08 10:30:44.080 INFO: Combining 1 list datasets for head 'Default_valid'
2025-11-08 10:30:44.080 INFO: Combined validation datasets for Default
2025-11-08 10:30:44.080 INFO: Head 'Default' training dataset size: 928
2025-11-08 10:30:44.081 INFO: Computing average number of neighbors
2025-11-08 10:30:48.948 INFO: Average number of neighbors: 49.59964750748287
2025-11-08 10:30:48.949 INFO: HEADS used: ['Default']
2025-11-08 10:30:48.949 INFO: During training the following quantities will be reported: energy, forces, stress
2025-11-08 10:30:48.949 INFO: ===========MODEL DETAILS===========
2025-11-08 10:30:51.909 INFO: Building model
2025-11-08 10:30:51.909 INFO: Message passing with 128 channels and max_L=1 (128x0e+128x1o)
2025-11-08 10:30:51.909 INFO: 2 layers, each with correlation order: 2 (body order: 3) and spherical harmonics up to: l=3
2025-11-08 10:30:51.909 INFO: 8 radial and 5 basis functions
2025-11-08 10:30:51.909 INFO: Radial cutoff: 6.0 A (total receptive field for each atom: 12.0 A)
2025-11-08 10:30:51.909 INFO: Distance transform for radial basis functions: Agnesi
2025-11-08 10:30:51.909 INFO: Hidden irreps: 128x0e+128x1o
2025-11-08 10:30:52.701 INFO: Total number of parameters: 2369190
2025-11-08 10:30:52.701 INFO: 
2025-11-08 10:30:52.701 INFO: ===========OPTIMIZER INFORMATION===========
2025-11-08 10:30:52.702 INFO: Using ADAM as parameter optimizer
2025-11-08 10:30:52.702 INFO: Batch size: 4
2025-11-08 10:30:52.702 INFO: Using Exponential Moving Average with decay: 0.99999
2025-11-08 10:30:52.702 INFO: Number of gradient updates: 23200
2025-11-08 10:30:52.702 INFO: Learning rate: 0.008, weight decay: 1e-08
2025-11-08 10:30:52.702 INFO: UniversalLoss(energy_weight=1.000, forces_weight=10.000, stress_weight=10.000)
2025-11-08 10:30:52.703 INFO: Stage Two (after 30 epochs) with loss function: UniversalLoss(energy_weight=1.000, forces_weight=50.000, stress_weight=10.000), with energy weight : 1.0, forces weight : 50.0, stress weight : 10.0 and learning rate : 0.001
2025-11-08 10:30:53.052 INFO: Using gradient clipping with tolerance=100.000
2025-11-08 10:30:53.052 INFO: 
2025-11-08 10:30:53.052 INFO: ===========TRAINING===========
2025-11-08 10:30:53.052 INFO: ===========MIXER CONFIG===========
2025-11-08 10:30:53.052 INFO: Readout: NonLinearReadoutBlock  [kan=OFF | kaf=OFF | libra=ON ]
2025-11-08 10:30:53.052 INFO: Interaction MLPs: node_librakan=OFF, edge_librakan=ON 
2025-11-08 10:30:53.053 INFO: ==================================
2025-11-08 10:30:53.053 INFO: Started training, reporting errors on validation set
2025-11-08 10:30:53.053 INFO: Loss metrics on validation set
2025-11-08 10:33:49.305 INFO: Initial: head: Default, loss=7042688990.52431393, RMSE_E_per_atom=1845149550622445.50 meV, RMSE_F=120138924551656.44 meV / A, RMSE_stress=255441344661.43 meV / A^3
2025-11-08 11:36:32.507 INFO: ===========VERIFYING SETTINGS===========
2025-11-08 11:36:32.507 WARNING: All of hidden_irreps, num_channels and max_L are specified
2025-11-08 11:36:32.507 WARNING: Using num_channels and max_L to create hidden_irreps: 128x0e+128x1o.
2025-11-08 11:36:32.507 INFO: Stage Two is activated as start_stage_two was defined
2025-11-08 11:36:32.507 INFO: MACE version: 0.3.14
2025-11-08 11:36:32.537 INFO: CUDA version: 11.8, CUDA device: 0
2025-11-08 11:36:32.574 INFO: ===========LOADING INPUT DATA===========
2025-11-08 11:36:32.574 INFO: Using heads: ['Default']
2025-11-08 11:36:32.574 INFO: Using the key specifications to parse data:
2025-11-08 11:36:32.574 INFO: Default: KeySpecification(info_keys={'energy': 'dft_energy', 'stress': 'stress', 'virials': 'REF_virials', 'dipole': 'dipole', 'head': 'head', 'elec_temp': 'elec_temp', 'total_charge': 'total_charge', 'polarizability': 'polarizability', 'total_spin': 'total_spin'}, arrays_keys={'forces': 'dft_forces', 'charges': 'REF_charges'})
2025-11-08 11:36:32.574 INFO: =============    Processing head Default     ===========
2025-11-08 11:36:33.000 WARNING: Since ASE version 3.23.0b1, using stress_key 'stress' is no longer safe when communicating between MACE and ASE. We recommend using a different key, rewriting 'stress' to 'REF_stress'. You need to use --stress_key='REF_stress' to specify the chosen key name.
2025-11-08 11:36:33.031 INFO: Training set 1/1 [energy: 927, stress: 928, virials: 0, dipole components: 0, head: 928, elec_temp: 0, total_charge: 0, polarizability: 0, total_spin: 0, forces: 927, charges: 0]
2025-11-08 11:36:33.035 INFO: Total Training set [energy: 927, stress: 928, virials: 0, dipole components: 0, head: 928, elec_temp: 0, total_charge: 0, polarizability: 0, total_spin: 0, forces: 927, charges: 0]
2025-11-08 11:36:33.098 WARNING: Since ASE version 3.23.0b1, using stress_key 'stress' is no longer safe when communicating between MACE and ASE. We recommend using a different key, rewriting 'stress' to 'REF_stress'. You need to use --stress_key='REF_stress' to specify the chosen key name.
2025-11-08 11:36:33.101 INFO: Validation set 1/1 [energy: 115, stress: 115, virials: 0, dipole components: 0, head: 115, elec_temp: 0, total_charge: 0, polarizability: 0, total_spin: 0, forces: 115, charges: 0]
2025-11-08 11:36:33.102 INFO: Total Validation set [energy: 115, stress: 115, virials: 0, dipole components: 0, head: 115, elec_temp: 0, total_charge: 0, polarizability: 0, total_spin: 0, forces: 115, charges: 0]
2025-11-08 11:36:33.168 WARNING: Since ASE version 3.23.0b1, using stress_key 'stress' is no longer safe when communicating between MACE and ASE. We recommend using a different key, rewriting 'stress' to 'REF_stress'. You need to use --stress_key='REF_stress' to specify the chosen key name.
2025-11-08 11:36:33.172 INFO: Test set 1/1 [energy: 116, stress: 116, virials: 0, dipole components: 0, head: 116, elec_temp: 0, total_charge: 0, polarizability: 0, total_spin: 0, forces: 116, charges: 0]
2025-11-08 11:36:33.173 INFO: Total Test set [energy: 116, stress: 116, virials: 0, dipole components: 0, head: 116, elec_temp: 0, total_charge: 0, polarizability: 0, total_spin: 0, forces: 116, charges: 0]
2025-11-08 11:36:33.173 INFO: Total number of configurations: train=928, valid=115, tests=[sp_Default: 116],
2025-11-08 11:36:33.173 INFO: Using atomic numbers from command line argument
2025-11-08 11:36:33.174 INFO: Atomic Numbers used: [47]
2025-11-08 11:36:33.174 INFO: Isolated Atomic Energies (E0s) not in training file, using command line argument
2025-11-08 11:36:33.174 INFO: Atomic Energies used (z: eV) for head Default: {47: -2.670131299573519}
2025-11-08 11:36:33.174 INFO: Processing datasets for head 'Default'
2025-11-08 11:36:34.912 INFO: Combining 1 list datasets for head 'Default'
2025-11-08 11:36:35.182 INFO: Combining 1 list datasets for head 'Default_valid'
2025-11-08 11:36:35.182 INFO: Combined validation datasets for Default
2025-11-08 11:36:35.182 INFO: Head 'Default' training dataset size: 928
2025-11-08 11:36:35.183 INFO: Computing average number of neighbors
2025-11-08 11:36:40.431 INFO: Average number of neighbors: 49.59964750748287
2025-11-08 11:36:40.431 INFO: HEADS used: ['Default']
2025-11-08 11:36:40.431 INFO: During training the following quantities will be reported: energy, forces, stress
2025-11-08 11:36:40.431 INFO: ===========MODEL DETAILS===========
2025-11-08 11:36:43.233 INFO: Building model
2025-11-08 11:36:43.234 INFO: Message passing with 128 channels and max_L=1 (128x0e+128x1o)
2025-11-08 11:36:43.234 INFO: 2 layers, each with correlation order: 2 (body order: 3) and spherical harmonics up to: l=3
2025-11-08 11:36:43.234 INFO: 8 radial and 5 basis functions
2025-11-08 11:36:43.234 INFO: Radial cutoff: 6.0 A (total receptive field for each atom: 12.0 A)
2025-11-08 11:36:43.234 INFO: Distance transform for radial basis functions: Agnesi
2025-11-08 11:36:43.234 INFO: Hidden irreps: 128x0e+128x1o
2025-11-08 11:36:43.977 INFO: Total number of parameters: 581026
2025-11-08 11:36:43.977 INFO: 
2025-11-08 11:36:43.977 INFO: ===========OPTIMIZER INFORMATION===========
2025-11-08 11:36:43.977 INFO: Using ADAM as parameter optimizer
2025-11-08 11:36:43.977 INFO: Batch size: 4
2025-11-08 11:36:43.977 INFO: Using Exponential Moving Average with decay: 0.99999
2025-11-08 11:36:43.977 INFO: Number of gradient updates: 23200
2025-11-08 11:36:43.977 INFO: Learning rate: 0.008, weight decay: 1e-08
2025-11-08 11:36:43.978 INFO: UniversalLoss(energy_weight=1.000, forces_weight=10.000, stress_weight=10.000)
2025-11-08 11:36:43.978 INFO: Stage Two (after 30 epochs) with loss function: UniversalLoss(energy_weight=1.000, forces_weight=50.000, stress_weight=10.000), with energy weight : 1.0, forces weight : 50.0, stress weight : 10.0 and learning rate : 0.001
2025-11-08 11:36:44.331 INFO: Using gradient clipping with tolerance=100.000
2025-11-08 11:36:44.331 INFO: 
2025-11-08 11:36:44.331 INFO: ===========TRAINING===========
2025-11-08 11:36:44.331 INFO: ===========MIXER CONFIG===========
2025-11-08 11:36:44.331 INFO: Readout: NonLinearReadoutBlock  [kan=OFF | kaf=OFF | libra=ON ]
2025-11-08 11:36:44.331 INFO: Interaction MLPs: node_librakan=ON , edge_librakan=OFF
2025-11-08 11:36:44.331 INFO: ==================================
2025-11-08 11:36:44.331 INFO: Started training, reporting errors on validation set
2025-11-08 11:36:44.331 INFO: Loss metrics on validation set
2025-11-08 11:36:56.584 INFO: Initial: head: Default, loss=0.11215219, RMSE_E_per_atom= 7490.73 meV, RMSE_F= 2752.94 meV / A, RMSE_stress= 2611.11 meV / A^3
